章	章题	段	本站上下文(〔〕内为本站读法)	本站读法	劝学网本	古诗文本	差异类型	同书内证(全书只留汉字计次;讹写含本处)	标出来源	判定	依据	建议 typoFix
2	二、地道	2	之命有吉凶。〔〕	∅	注原网文为天道此明显错误也应为坤道改之一二三章为天地人三才也	同本站	见证本衍(编者按)			-	劝学网本编者按「原网文为天道…改之」,非原书	
4	四、知命	2	，专论女命邪〔淫〕，受责鬼神；	淫	同本站	婬	异体			-		
4	四、知命	4	〔〕天干庚辛丙丁	∅	高宗纯皇帝御造八字辛卯丁酉庚午丙子大运丙申乙未癸巳壬辰庚寅己丑戊子丁亥	高宗纯皇帝御造八字辛卯丁酉庚午丙子大运丙申乙未癸巳壬辰庚寅己丑戊子丁亥	本站缺(命主题名)	正写 「高宗纯皇帝御造八字辛卯丁酉庚午丙子大运丙申乙未癸巳壬辰庚寅己丑戊子丁亥天」0 「高宗纯皇帝御造八字辛卯丁酉庚午丙子大运丙申乙未癸巳壬辰庚寅己丑戊子丁亥」0 「高宗纯皇帝御造八字辛卯丁酉庚午丙子大运丙申乙未癸巳壬辰庚寅己丑戊子丁亥天」0;讹写「天」397		C	两见证本此命例前有「高宗纯皇帝御造」,本站无;命例段不走 typoFixes,须另定	
5	五、理气	4	甲木休〔困〕已极，庚金禄	困	同本站	囚	形近讹	正写 「休囚已」2 「休囚」43 「囚已」2;讹写「休困已」1		A	古诗文本作「休囚」;「休囚」同书常语	休困已 → 休囚已
6	六、配合	4	三奇透戊，枭〔深〕夺食，亦难作	深	神	神	形近讹	正写 「枭神夺」3 「枭神」5 「神夺」3;讹写「枭深夺」1		A	两见证本作「枭神夺食」,格语	枭深夺 → 枭神夺
7	七、天干	5	任氏曰：〔五阳气避〕，光亨之象易	五阳气避	同本站	同本站	见证本亦同	正写 「气辟光」0 「气辟」4 「辟光」1;讹写「气避光」1	白话	B	与下「五阴气翕」对举,语本《系辞》「其动也辟」	五阳气避 → 五阳气辟
7	七、天干	5	畏财煞，而有〔测〕隐之心，其处	测	同本站	恻	形近讹	正写 「有恻隐」1 「有恻」1 「恻隐」4;讹写「有测隐」1	注疏	A	古诗文本作「恻」;「恻隐之心」语本《孟子》	有测隐 → 有恻隐
7	七、天干	10	生申酉之月，〔亦不胃之〕；生于子月，	亦不胃之	同本站	同本站	见证本亦同	正写 「不畏之」0 「不畏」13 「畏之」1;讹写「不胃之」1	注疏	B	胃/畏形近,「不畏申酉之金」文义唯一	亦不胃之 → 亦不畏之
7	七、天干	10	则虽坐午，亦〔〕能发生。故益	∅	同本站	不	脱文	正写 「亦不能」11 「亦不」41 「不能」225;讹写「亦能」19		A	古诗文本有「不」;上承「虽坐午」让步,辑要作「亦难发生」	午，亦能发 → 午，亦不能发
7	七、天干	11	克则凋；夏如〔禾家〕，水滋得生；	禾家	同本站	同本站	见证本亦同	正写 「禾稼水」0 「禾稼」1 「稼水」0;讹写「禾家水」1	注疏	B	家/稼;「禾稼」成词	如禾家 → 如禾稼
7	七、天干	11	支寅藏，此谓〔鸢萝〕系松柏，春固	鸢萝	同本站	同本站	见证本亦同	正写 「谓茑萝」0 「谓茑」0 「茑萝」0;讹写「谓鸢萝」1	白话	B	鸢/茑形近;「茑萝系松柏」典出《诗·頍弁》「茑与女萝，施于松柏」	谓鸢萝 → 谓茑萝
7	七、天干	16	也，乙畏辛而〔辛抱之〕，不若丙抱甲	辛抱之	同本站	同本站	见证本亦同	正写 「而丁抱」0 「而丁」2 「丁抱」2;讹写「而辛抱」1	注疏	A	辑要(独立本)作「畏辛而丁抱之」;乙为丁母,丁抱乙	乙畏辛而辛抱之 → 乙畏辛而丁抱之
7	七、天干	20	中得正。春夏〔气动而避〕，则发生，秋	气动而避	同本站	同本站	见证本亦同	正写 「而辟则」0 「而辟」1 「辟则」1;讹写「而避则」1	注疏	B	与下「秋冬气静而翕」对举	气动而避 → 气动而辟
7	七、天干	23	，水不冲也。〔水〕少火晦者，丁	水	同本站	火	形近讹	正写 「也火少」0 「也火」6 「火少」3;讹写「也水少」1	白话	A	古诗文本作「火」;纲领「火少火晦」,辑要同	也。水少 → 也。火少
7	七、天干	26	，洪炉煅炼，〔时露锋砧〕。生于春夏，	时露锋砧	同本站	同本站	见证本亦同		注疏	C		
7	七、天干	34	庚金，则不赖〔蜞〕生，亦不忌其	蜞	其	其	形近讹	正写 「赖其生」0 「赖其」0 「其生」7;讹写「赖蜞生」1	注疏	B	两见证本作「其」	赖蜞生 → 赖其生
9	九、干支总论	2	死论。即己遇〔寅岁〕之丙火，辛遇	寅岁	同本站	同本站	见证本亦同		注疏	C		
9	九、干支总论	24	谓天干不覆。〔初交已未〕，孤苦万状；	初交已未	同本站	同本站	见证本亦同	正写 「交己未」6 「交己」8 「己未」20;讹写「交已未」2	扫描	B	「已」非天干(大运己未)	初交已未 → 初交己未
9	九、干支总论	28	岂无成立乎？〔彼此母腹〕，数年间父母	彼此母腹	同本站	同本站	见证本亦同		注疏	C		
9	九、干支总论	43	〔阳乘阴位〕气盛，还须道	阳乘阴位	同本站	同本站	见证本亦同	正写 「阴乘阴位阴气」1 「阴乘阴位阴」1 「阴乘阴位阴气」1;讹写「阳乘阴位气」1	注疏	A	任氏本章后文自引作「阴乘阴位阴气盛」,辑要(独立本)同;本站七言脱一字	阳乘阴位气盛 → 阴乘阴位阴气盛
9	九、干支总论	49	火在月，壬水〔相近，已土〕不能为力，子	相近，已土	同本站	同本站	见证本亦同	正写 「近己土」0 「近己」0 「己土」61;讹写「近已土」1	扫描	B	「已」非天干	相近，已土 → 相近，己土
9	九、干支总论	49	生？十干体象〔云〕：“虚湿之地	云	去	去	本站已改			-		
9	九、干支总论	66	穷乏。书云“〔格格推祥〕，以杀为重”	格格推祥	同本站	同本站	见证本亦同	正写 「推详以」1 「推详」6 「详以」1;讹写「推祥以」1	注疏	B	祥/详;「推详」成词	格格推祥 → 格格推详
9	九、干支总论	94	伤官虽当令，〔印缓〕制之有情，年	印缓	同本站	同本站	见证本亦同	正写 「印绶制」2 「印绶」148 「绶制」2;讹写「印缓制」1	注疏	B	缓/绶形近;「印绶」全书数百见	，印缓制 → ，印绶制
10	十、形象	2	金水破局水火〔得〕济者，尤忌土	得	既	既	形近讹	正写 「火既济」1 「火既」1 「既济」7;讹写「火得济」1		A	两见证本作「水火既济」	火得济 → 火既济
10	十、形象	12	其通根燥土，〔财命有一〕。然气势稍寒	财命有一	同本站	同本站	见证本亦同	正写 「有气然」0 「有气」17 「气然」0;讹写「有一然」1	注疏	C		
10	十、形象	19	以培之，以作〔砥柆〕之功，不致浮	砥柆	同本站	同本站	见证本亦同	正写 「砥柱之」0 「砥柱」0 「柱之」9;讹写「砥柆之」1	注疏	B	柆/柱形近;「砥柱」成词	作砥柆 → 作砥柱
10	十、形象	23	戌土自坐，谓〔财来就〕 ，未尝不美	财来就	同本站	同本站	见证本亦同		注疏	C	空格处当脱一字(注疏补「我」),无证	
10	十、形象	28	光；行财地，〔得过且过〕有食伤化劫之	得过且过	同本站	同本站	见证本亦同		注疏	C		
10	十、形象	30	费中堂造，〔天干戊已逢〕丁，地支重午	天干戊已逢	同本站	同本站	见证本亦同	正写 「戊己逢」0 「戊己」15 「己逢」0;讹写「戊已逢」1	扫描	B	「已」非天干	天干戊已逢 → 天干戊己逢
10	十、形象	30	干戊已逢丁，〔地支重午丑未〕。子丑化土，	地支重午丑未	同本站	同本站	见证本亦同		注疏	C		
10	十、形象	36	行运不背，书〔得〕早遂；甲寅运	得	香	香	形近讹	正写 「书香早」1 「书香」30 「香早」3;讹写「书得早」1		A	两见证本作「书香早遂」;「书香」同书习见	书得早 → 书香早
10	十、形象	39	与财也。伤官〔司〕生堸。固为全	司			衍文	正写 「官生财生」0 「官生财」0 「生财生」0;讹写「官司生堸生」0	注疏	A	两见证本作「伤官生财」;「司」衍、「堸」为「财」之讹;「伤官生财」同书习见	伤官司生堸 → 伤官生财
10	十、形象	39	日主旺，伤官〔司〕轻，有印绶，	司			衍文	正写 「官轻」10 「官」995 「轻」105;讹写「官司轻」1		A	两见证本无「司」;同段「伤官司生」亦衍	官司轻 → 官轻
10	十、形象	39	局之意向，日〔景〕喜忌为的。	景	主之	主之	形近讹	正写 「日主之喜」5 「日主之」52 「主之喜」5;讹写「日景喜」2	注疏	A	两见证本作「日主之喜忌」;「日主喜忌」全书习见	，日景喜忌 → ，日主之喜忌
10	十、形象	43	湿土，晦火生〔全〕，暗会金局，	全	金	金	形近讹	正写 「生金暗」0 「生金」94 「金暗」4;讹写「生全暗」1	注疏	A	两见证本作「晦火生金」	火生全， → 火生金，
10	十、形象	45	、辰月，丙火〔生于已、午未月〕，皆为形全；	生于已、午未月	同本站	同本站	见证本亦同	正写 「于巳午」1 「于巳」15 「巳午」18;讹写「于已午」1	注疏	B	「已」非地支(巳午未)	生于已、午未月 → 生于巳、午未月
10	十、形象	49	则官星有损，〔秎〕则去比劫之有	秎	伤	伤	形近讹	正写 「损伤则」0 「损伤」4 「伤则」3;讹写「损秎则」1	注疏	B	两见证本作「伤」	损，秎则 → 损，伤则
10	十、形象	53	也。至于木生〔这〕卯辰月，火生	这	寅	寅	形近讹	正写 「生寅卯」2 「生寅」17 「寅卯」49;讹写「生这卯」1	扫描	A	两见证本作「寅」;木生寅卯辰(东方)	生这卯 → 生寅卯
10	十、形象	55	生金，形伤破〔髦〕，无所不见；	髦	耗	耗	形近讹	正写 「破耗无」0 「破耗」45 「耗无」0;讹写「破髦无」1		A	两见证本作「破耗」	伤破髦， → 伤破耗，
11	十一、方局	0	局，要得方，〔〕莫混局。	∅	兮	兮	脱文	正写 「方兮莫」0 「方兮」3 「兮莫」0;讹写「方莫」2		B	两见证本作「要得方兮莫混局」;本站七言缺一字(辑要作「方要得方莫混局」,异文)	要得方，莫混局 → 要得方兮莫混局
11	十一、方局	2	以发杀，其余〔信〕此。若只二字	信	仿	仿	形近讹	正写 「余仿此」5 「余仿」5 「仿此」10;讹写「余信此」1	白话	A	两见证本作「仿」;「其余仿此」同书习见	余信此 → 余仿此
11	十一、方局	2	，则竟不取，〔所言方局莫混之量〕 ，愚意以为	所言方局莫混之量	同本站	同本站	见证本亦同	正写 「之说愚」0 「之说」18 「说愚」0;讹写「之量愚」1	白话	C		
11	十一、方局	2	用三合木局，〔册〕有所损累耶？	册	则	则	形近讹	正写 「局则有」0 「局则」6 「则有」16;讹写「局册有」1	白话	B	两见证本作「则」	局，册有 → 局，则有
11	十一、方局	4	甲木透出作杀〔耑〕不作官，必要	耑	而	而	形近讹	正写 「杀而不」0 「杀而」11 「而不」111;讹写「杀耑不」1		B	两见证本作「而」	杀耑不 → 杀而不
11	十一、方局	9	辰水局，皆取〔征〕旺墓，一气始	征	生	生	形近讹	正写 「取生旺」0 「取生」1 「生旺」26;讹写「取征旺」1	白话+注疏	B	两见证本作「生旺墓」(长生帝旺墓库)	取征旺 → 取生旺
11	十一、方局	9	外而紧贴，则〔会局与损局瘐论〕，其二支会局	会局与损局瘐论	同本站	同本站	见证本亦同	正写 「局参论」0 「局参」0 「参论」0;讹写「局瘐论」1	白话	C		
11	十一、方局	9	流行，则纯；〔运行北方，谓之生助强神，无疪〕。或干支有火	运行北方，谓之生助强神，无疪	同本站	同本站	见证本亦同	正写 「无疵或」0 「无疵」0 「疵或」0;讹写「无疪或」1	白话	C		
11	十一、方局	16	反复矣。所以〔制之以盛〕，不若化之以	制之以盛	同本站	同本站	见证本亦同	正写 「以威不」1 「以威」2 「威不」1;讹写「以盛不」1	注疏	C		
11	十一、方局	25	多火炽，丁火〔不中以泄之〕，所以运至庚	不中以泄之	同本站	同本站	见证本亦同	正写 「不足以」6 「不足」63 「足以」67;讹写「不中以」1	注疏	C		
12	十二、八格	2	如壬辰日为“〔王〕骑龙背”，壬	王	壬	壬	形近讹	正写 「为壬骑」0 「为壬」0 「壬骑」0;讹写「为王骑」2		A	两见证本作「壬骑龙背」,格名	为“王骑龙 → 为“壬骑龙
12	十二、八格	6	，将来运至木〔水〕之地，虽然屈	水	同本站	火	形近讹	正写 「木火之」10 「木火」131 「火之」67;讹写「木水之」1		C	仅古诗文本作「木火」,劝学网本同本站,无内证可决	
12	十二、八格	10	为病，以壬水〔沩〕药，中和纯粹	沩	为	为	形近讹	正写 「水为药」0 「水为」36 「为药」1;讹写「水沩药」1		A	两见证本作「为」	水沩药 → 水为药
12	十二、八格	15	；至于建禄月〔动〕羊无能为刃，	动	劫	劫	形近讹	正写 「月劫羊」0 「月劫」3 「劫羊」0;讹写「月动羊」1		B	两见证本作「劫」(建禄月劫)	月动羊 → 月劫羊
12	十二、八格	16	财，乙卯日支〔一〕三卯，暗合戌	一			衍文	正写 「支三」6 「支」549 「三」176;讹写「支一三」1		B	两见证本无「一」;上句「壬子日支全三子」	支一三 → 支三
12	十二、八格	16	又云杂气财官〔吉〕冲，尤为穿凿	吉	喜	喜	形近讹	正写 「官喜冲」0 「官喜」10 「喜冲」3;讹写「官吉冲」1		A	两见证本作「喜冲」	官吉冲 → 官喜冲
12	十二、八格	16	自如；格破用〔损，谓这有〕病，忧多乐少	损，谓这有	同本站	同本站	见证本亦同	正写 「谓之有」2 「谓之」34 「之有」27;讹写「谓这有」1	扫描	B	「这」为「之」之讹(文言无「这」,输入法讹)	损，谓这有 → 损，谓之有
12	十二、八格	18	丙午日支全三〔年〕，四柱滴水全	年	午	午	形近讹	正写 「三午四」0 「三午」2 「午四」3;讹写「三年四」1		A	两见证本作「三午」;丙午日支全三午	全三年， → 全三午，
12	十二、八格	18	交己巳戊辰，〔汇〕火生金，遗业	汇	晦	晦	形近讹	正写 「辰晦火」2 「辰晦」2 「晦火」38;讹写「辰汇火」1		A	两见证本作「晦火生金」	辰，汇火 → 辰，晦火
12	十二、八格	20	惜癸水克丁，〔仍〕伤秀气，时干	仍	乃	乃	形近讹	正写 「丁乃伤」0 「丁乃」0 「乃伤」0;讹写「丁仍伤」1		B	两见证本作「乃」	丁，仍伤 → 丁，乃伤
12	十二、八格	22	水旺之地，荫〔庇〕有余；一交庚	庇	疪	疪	本站已改			-		
13	十三、体用	1	皆为我用。提〔纳〕为体，喜神为	纳	纲	纲	形近讹	正写 「提纲为」4 「提纲」43 「纲为」4;讹写「提纳为」1	白话	A	两见证本作「提纲」	提纳为 → 提纲为
13	十三、体用	1	行之地，且又〔行助体之运财不妙〕。有体用各立	行助体之运财不妙	同本站	同本站	见证本亦同	正写 「运才不」1 「运才」6 「才不」20;讹写「运财不」0	白话	C	白话以为「财」当作「才」;才/财两通,不改	
13	十三、体用	2	，即用神无疑〔颖〕。旺则抑之，	颖	矣	矣	形近讹	正写 「疑矣旺」0 「疑矣」0 「矣旺」3;讹写「疑颖旺」1	白话	B	两见证本作「矣」	无疑颖。 → 无疑矣。
13	十三、体用	4	，比劫多 ，〔耐〕我财星，以食	耐	劫	劫	形近讹	正写 「多劫我」0 「多劫」0 「劫我」1;讹写「多耐我」1		B	两见证本作「劫」	 ，耐我财 →  ，劫我财
13	十三、体用	4	旺，官星轻，〔銕〕绶重，以财星	銕	印	印	形近讹	正写 「轻印绶」1 「轻印」5 「印绶」148;讹写「轻銕绶」1	白话	A	两见证本作「印绶」	轻，銕绶 → 轻，印绶
13	十三、体用	11	：丙寅帮身，〔刑丧破髦〕。所谓弱极者	刑丧破髦	同本站	同本站	见证本亦同	正写 「破耗所」0 「破耗」45 「耗所」0;讹写「破髦所」1	白话	B	髦/耗;本书 10 章「破髦」两见证本作「破耗」	刑丧破髦 → 刑丧破耗
14	十四、精神	1	注，精气神气〔皆无气也〕，五行大率以	皆无气也	同本站	同本站	见证本亦同	正写 「皆元气」0 「皆元」1 「元气」1;讹写「皆无气」1	注疏	B	无/元形近;「精气神气皆元气也」文义唯一	皆无气也 → 皆元气也
14	十四、精神	2	，虽一定理，〔角〕亦有一定中之	角	然	然	形近讹	正写 「理然亦」1 「理然」2 「然亦」9;讹写「理角亦」1		A	两见证本作「然」	理，角亦 → 理，然亦
14	十四、精神	9	逆行，大抵是〔右〕命。	右	枯	枯	形近讹	正写 「是枯命」0 「是枯」0 「枯命」0;讹写「是右命」1	注疏	C	见证本作「枯命」,注疏以为「女命」,均无确证	
15	十五、月令	2	地理玄机云》〔云〕：“宇宙有大	云			衍文	正写 「云宇」1 「云」61 「宇」2;讹写「云云宇」1		A	两见证本作「《地理玄机》云」;书名号内衍「云」	《地理玄机云》云 → 《地理玄机》云
15	十五、月令	2	土司令，木透〔于〕，支藏水，谓	于	干	干	形近讹	正写 「透干支」0 「透干」9 「干支」33;讹写「透于支」1	注疏	A	两见证本作「木透干」	木透于， → 木透干，
15	十五、月令	4	化杀生身。由〔甲傍〕而悬青绶，从	甲傍	同本站	同本站	见证本亦同	正写 「甲榜而」0 「甲榜」6 「榜而」1;讹写「甲傍而」1	注疏	B	傍/榜形近;甲榜即进士	由甲傍 → 由甲榜
16	十六、生时	1	水用事；后四〔亥〕，七分癸水用	亥	刻	刻	形近讹	正写 「四刻七」0 「四刻」0 「刻七」0;讹写「四亥七」1		A	两见证本作「后四刻」;与上「前三刻」对	后四亥， → 后四刻，
16	十六、生时	1	用事何如，甲〔未〕用事何如，局	未	木	木	形近讹	正写 「甲木用」2 「甲木」123 「木用」3;讹写「甲未用」1	白话	A	两见证本作「甲木用事」	甲未用 → 甲木用
16	十六、生时	1	。至同年同月〔〕日而百人各一	∅	同	同	脱文	正写 「月同日」0 「月同」0 「同日」0;讹写「月日」9		B	两见证本作「同年同月同日」	同月日 → 同月同日
16	十六、生时	1	者察此，可以〔知其与替〕矣。	知其与替	同本站	同本站	见证本亦同	正写 「其兴替」0 「其兴」1 「兴替」1;讹写「其与替」2	白话	B	与/兴(與/興)形近;「兴替」成词	以知其与替 → 以知其兴替
16	十六、生时	2	减其吉；穴凶〔赂〕吉，必减其凶	赂	向	向	形近讹	正写 「凶向吉」0 「凶向」0 「向吉」0;讹写「凶赂吉」1	白话	B	两见证本作「穴凶向吉」	凶赂吉 → 凶向吉
16	十六、生时	2	如丙日亥时，〔廖〕中壬水，乃丙	廖	亥	亥	形近讹	正写 「时亥中」0 「时亥」3 「亥中」11;讹写「时廖中」1	白话	B	两见证本作「亥中壬水」;丙日亥时	时，廖中 → 时，亥中
16	十六、生时	2	木用事，谓穴〔了〕向寺；辛日未	了	凶	凶	形近讹	正写 「穴凶向吉向」0 「穴凶向吉」0 「凶向吉向」0;讹写「穴了向寺向」0	白话	A	两见证本作「谓穴凶向吉」;同段「穴吉向凶」对举	谓穴了向寺 → 谓穴凶向吉
16	十六、生时	2	；辛日未时，〔未中已土〕，乃辛金之印	未中已土	同本站	同本站	见证本亦同	正写 「中己土」2 「中己」2 「己土」61;讹写「中已土」1	白话+扫描	B	未藏己土	未中已土 → 未中己土
16	十六、生时	2	则吉凶自验。〔菘〕人元用事，到	菘	然	然	形近讹	正写 「验然人」0 「验然」3 「然人」0;讹写「验菘人」1	白话	B	两见证本作「然」	验。菘人 → 验。然人
16	十六、生时	2	于山川之异世〔毽这〕殊，因为发福	毽这	德之	德之	形近讹	正写 「世德之殊因之发福有厚薄」0 「世德之殊因之发福有厚」0 「德之殊因之发福有厚薄」0;讹写「世毽这殊因为发福有百姓薄」1	扫描	B	两见证本作「世德之殊，因之发福有厚薄」	异世毽这殊，因为发福有百姓薄 → 异世德之殊，因之发福有厚薄
16	十六、生时	2	移祸福，此又〔百郚〕之所得而拘者	百郚	非命	非命	形近讹	正写 「又非命之」0 「又非命」0 「非命之」0;讹写「又百郚之」1		B	两见证本作「非命之所得而拘」	又百郚 → 又非命
17	十七、衰旺	1	不可损也；衰〔右〕有旺者存，不	右	中	中	形近讹	正写 「衰中有」1 「衰中」1 「中有」38;讹写「衰右有」1	白话+注疏	A	两见证本作「衰中有旺」;与上「旺中有衰」对	衰右有 → 衰中有
17	十七、衰旺	2	此时休囚之戊〔巳〕，亦未尝绝于	巳	己	己	形近讹	正写 「戊己亦」0 「戊己」15 「己亦」0;讹写「戊巳亦」1		A	两见证本作「戊己」	之戊巳， → 之戊己，
17	十七、衰旺	2	冬水司令，壬〔天〕虽旺，百此时	天	水	水	形近讹	正写 「壬水虽」1 「壬水」159 「水虽」4;讹写「壬天虽」1		A	两见证本作「壬水」;冬水司令	壬天虽 → 壬水虽
17	十七、衰旺	2	，壬天虽旺，〔百〕此时休囚之丙	百	而	而	形近讹	正写 「旺而此」1 「旺而」40 「而此」1;讹写「旺百此」1		A	两见证本作「而」;同句上文「而此时休囚之戊己」	旺，百此 → 旺，而此
17	十七、衰旺	2	休囚之丙丁，〔变〕未尝绝于天地	变			衍文	正写 「丁未」14 「丁」340 「未」332;讹写「丁变未」1		A	两见证本无;上句「亦未尝绝于天地也」	丁，变未 → 丁，未
17	十七、衰旺	2	不敢争先，而〔春〕实春土何尝不	春	其	其	形近讹	正写 「而其实」1 「而其」3 「其实」1;讹写「而春实」1		A	两见证本作「而其实」;同段「而其实专令之中」	而春实 → 而其实
17	十七、衰旺	2	八字虽以月令〔迷〕重，而旺相休	迷	为	为	形近讹	正写 「令为重」0 「令为」1 「为重」10;讹写「令迷重」1		B	两见证本作「以月令为重」	令迷重 → 令为重
17	十七、衰旺	2	；墓库余气，〔奶〕之轻者也。天	奶	根	根	形近讹	正写 「气根之」0 「气根」0 「根之」12;讹写「气奶之」1		A	两见证本作「根之轻者」;上句「根之重者也」	气，奶之 → 气，根之
17	十七、衰旺	2	，干多不如根〔挭〕，理固然也。	挭	重	重	形近讹	正写 「根重理」0 「根重」0 「重理」1;讹写「根挭理」1		A	两见证本作「根重」	如根挭， → 如根重，
17	十七、衰旺	2	重克轻，便谓〔这〕旺，更有任癸	这	之	之	形近讹	正写 「谓之旺」1 「谓之」34 「之旺」14;讹写「谓这旺」1	扫描	A	两见证本作「便谓之旺」;上句「便谓之弱」	谓这旺 → 谓之旺
17	十七、衰旺	2	谓这旺，更有〔任〕癸逢辰，丙丁	任	壬	壬	形近讹	正写 「有壬癸」3 「有壬」5 「壬癸」43;讹写「有任癸」1		A	两见证本作「壬癸」	有任癸 → 有壬癸
17	十七、衰旺	2	，不以为通根〔峰〕库，甚至求刑	峰	逢	逢	形近讹	正写 「根逢库」0 「根逢」2 「逢库」1;讹写「根峰库」2		A	两见证本作「通根逢库」	为通根峰库， → 为通根逢库，
17	十七、衰旺	8	刑丧早见，荫〔庇〕难丰；辛巳庚	庇	疪	疪	本站已改			-		
17	十七、衰旺	10	，获丰厚之荫〔庇〕，美景良多；	庇	疪	疪	本站已改			-		
17	十七、衰旺	16	似木也。初运〔己〕未甲午，火木	己	同本站	乙	形近讹	正写 「运乙未」2 「运乙」9 「乙未」13;讹写「运己未」1	注疏	A	古诗文本作「乙未」;本例大运 丙申 乙未 甲午	运己未 → 运乙未
17	十七、衰旺	18	此财生杀，杀〔功〕身，丙临申，	功	攻	攻	形近讹	正写 「杀攻身」0 「杀攻」0 「攻身」0;讹写「杀功身」1	注疏	B	两见证本作「杀攻身」	杀功身 → 杀攻身
17	十七、衰旺	28	尚有制土卫水〔之功，仁路〕清高，枫叶未	之功，仁路	同本站	同本站	见证本亦同	正写 「功仕路」0 「功仕」0 「仕路」28;讹写「功仁路」1	扫描	B	仕路 28 见、仁路 6 见;同「仁至→仕至」	之功，仁路 → 之功，仕路
17	十七、衰旺	30	子运获厚利，〔纳房出仁〕已丑庚运，名	纳房出仁	同本站	同本站	见证本亦同	正写 「出仕已」0 「出仕」27 「仕已」0;讹写「出仁已」1	注疏+扫描	B	出仕 27 见;同「仁至→仕至」	纳房出仁 → 纳房出仕
17	十七、衰旺	32	辛金生于〔促夏〕，地支皆逢财	促夏	同本站	同本站	见证本亦同	正写 「于仲夏」4 「于仲」42 「仲夏」5;讹写「于促夏」1	注疏	B	促/仲形近;「仲夏」同书 5 见	于促夏 → 于仲夏
17	十七、衰旺	34	源通裕；癸亥〔出仁〕，名利两全壬	出仁	同本站	同本站	见证本亦同	正写 「出仕名」0 「出仕」27 「仕名」1;讹写「出仁名」1	注疏+扫描	B	出仕 27 见	亥出仁 → 亥出仕
17	十七、衰旺	38	金，所谓月印〔午〕江银作浪 ，	午	舞	舞	形近讹	正写 「印舞江」0 「印舞」0 「舞江」0;讹写「印午江」1		C	见证本作「舞江」,联语无从定	
17	十七、衰旺	38	，家业破尽；〔戌午运〕，贫乏不堪，	戌午运	同本站	同本站	见证本亦同	正写 「尽戊午」0 「尽戊」0 「戊午」22;讹写「尽戌午」1	注疏	B	「戌」非天干;大运戊午	戌午运 → 戊午运
17	十七、衰旺	43	和之气。原注〔去〕：“旺中有衰	去	云	云	形近讹	正写 「注云旺」0 「注云」1 「云旺」0;讹写「注去旺」1	注疏	A	两见证本作「原注云」	原注去： → 原注云：
18	十八、中和	1	原注：中〔崦〕且和，子平之	崦	而	而	形近讹	正写 「中而且」0 「中而」4 「而且」42;讹写「中崦且」1	白话+注疏	A	两见证本与辑要(独立本)皆作「中而且和」	中崦且 → 中而且
18	十八、中和	1	如去病，财禄〔丙〕相宜，则又中	丙	两	两	形近讹	正写 「禄两相」0 「禄两」1 「两相」0;讹写「禄丙相」1	注疏	A	两见证本与辑要(独立本)皆作「财禄两相宜」	禄丙相 → 禄两相
18	十八、中和	1	取富贵不必于〔忠〕也；用神强，	忠	中	中	形近讹	正写 「于中也」0 「于中」0 「中也」1;讹写「于忠也」1	白话	A	两见证本作「不必于中」;下「不必于和」对举	于忠也 → 于中也
18	十八、中和	1	富贵而不必于〔忠其〕和也。何也？	忠其	中且	中且	形近讹	正写 「于中且和」0 「于中且」0 「中且和」0;讹写「于忠其和」1	白话	A	两见证本作「中且和」	于忠其 → 于中且
18	十八、中和	1	人材，惟此时〔〕最多，皆尚于	∅	为	为	脱文	正写 「时为最」0 「时为」10 「为最」7;讹写「时最」1		B	两见证本作「惟此时为最多」	此时最 → 此时为最
18	十八、中和	2	，补其不足，〔却〕其有余，乃得	却	去	去	形近讹	正写 「足去其」0 「足去」1 「去其」26;讹写「足却其」1		A	两见证本作「去其有余」;与「补其不足」对	足，却其 → 足，去其
18	十八、中和	2	凶易验，无病〔地〕药，祸福难推	地	无	无	形近讹	正写 「病无药」3 「病无」4 「无药」3;讹写「病地药」1		A	两见证本作「无病无药」	病地药 → 病无药
18	十八、中和	2	病，由四肢健〔量〕，营卫调和，	量	旺	旺	形近讹	正写 「健旺营」0 「健旺」1 「旺营」0;讹写「健量营」1		B	两见证本作「四肢健旺」	肢健量， → 肢健旺，
18	十八、中和	2	举动艰难，如〔遇〕良药则可岂不	遇	无	无	形近讹	正写 「如无良药医之良」0 「如无良药医之」0 「无良药医之良」0;讹写「如遇良药则可良」0		B	两见证本作「如无良药医之，岂不为终身之患乎」;本站反义	如遇良药则可 → 如无良药医之
18	十八、中和	4	，去火存金，〔伅〕星得用，木火	伅	印	印	形近讹	正写 「金印星」1 「金印」1 「印星」36;讹写「金伅星」1	注疏	A	两见证本作「印星」	金，伅星 → 金，印星
18	十八、中和	4	华卓越，光浮〔览〕水珠玑。庚运	览	鉴	鉴	形近讹	正写 「浮鉴水」0 「浮鉴」0 「鉴水」0;讹写「浮览水」1		B	两见证本作「光浮鉴水」	浮览水 → 浮鉴水
18	十八、中和	4	，朗映紫薇，〔徽〕嫌亥卯拱木，	徽	微	微	形近讹	正写 「薇微嫌」0 「薇微」0 「微嫌」3;讹写「薇徽嫌」1		B	两见证本作「微嫌」	薇，徽嫌 → 薇，微嫌
18	十八、中和	6	得逢际遇，由〔佐二〕至观察，奢华	佐二	同本站	同本站	见证本亦同		注疏	C	「佐二」为「佐贰」旧时别写,不改	
18	十八、中和	6	乃止，如猩嗜〔洒〕，鞭血方休	洒	酒	酒	形近讹	正写 「嗜酒鞭」0 「嗜酒」0 「酒鞭」0;讹写「嗜洒鞭」2	注疏	B	两见证本作「猩嗜酒」	，如猩嗜洒，鞭血 → ，如猩嗜酒，鞭血
19	十九、源流	1	原注：不必论〔当令不发令〕，只论取最多	当令不发令	同本站	同本站	见证本亦同		注疏	C		
19	十九、源流	1	，得从引助，〔所以为憎也〕。	所以为憎也	同本站	同本站	见证本亦同	正写 「为僧也」0 「为僧」7 「僧也」0;讹写「为憎也」1	注疏	B	憎/僧形近;本章第四造「削发为僧」	所以为憎也 → 所以为僧也
19	十九、源流	2	穷极源之正理〔不同谷书之廖论〕也。	不同谷书之廖论	同本站	同本站	见证本亦同	正写 「同俗书之谬论」0 「同俗书之谬」0 「俗书之谬论」0;讹写「同谷书之廖论」1	白话+注疏	B	谷/俗、廖/谬形近;同书「俗书」	不同谷书之廖论 → 不同俗书之谬论
19	十九、源流	6	簇，盼五福之〔絣致〕。	絣致	同本站	同本站	见证本亦同		注疏	C		
19	十九、源流	8	。初运庚寅，〔叼上人之福〕；己丑运合子	叼上人之福	同本站	同本站	见证本亦同	正写 「寅叨上」0 「寅叨」0 「叨上」0;讹写「寅叼上」1	注疏	B	叼/叨形近	叼上人之福 → 叨上人之福
19	十九、源流	10	头，年支寅木〔主节〕，月干壬水隔	主节	同本站	同本站	见证本亦同	正写 「木阻节」0 「木阻」0 「阻节」9;讹写「木主节」1	注疏	C		
19	十九、源流	10	尧天舜日恩；〔一交水春花盛〕，人被尧天舜	一交水春花盛	同本站	同本站	见证本亦同		注疏	C		
20	二十、通关	1	原注：天气欲〔不〕降，地气欲上	不	同本站	下	形近讹	正写 「欲下降」0 「欲下」0 「下降」7;讹写「欲不降」1		A	古诗文本作「天气欲下降」;与「地气欲上升」对	欲不降 → 欲下降
20	二十、通关	1	欲上升，欲相〔俣〕相和相生也。	俣	合	合	形近讹	正写 「相合相」1 「相合」9 「合相」1;讹写「相俣相」1		A	两见证本作「相合」	相俣相 → 相合相
20	二十、通关	1	水而要金，金〔林〕而要水，皆是	林	木	木	形近讹	正写 「金木而」0 「金木」9 「木而」29;讹写「金林而」1	白话	A	两见证本作「金木而要水」;与上「木」对	金林而 → 金木而
20	二十、通关	1	间之物，前后〔〕下下，授引得	∅	上	上	脱文	正写 「后上下」2 「后上」2 「上下」19;讹写「后下下」1		A	两见证本作「前后上下」;同段重出之原注亦作「前后上下」	前后下下 → 前后上下
20	二十、通关	1	物，明见暗会〔赠〕运相逢，乃为	赠	岁	≈赠运相逢乃为通关也必得引用无合之神及刑冲所间之物前后上下援引得来能胜劫占之神能补所缺之物明见暗会>	形近讹	正写 「会岁运」1 「会岁」1 「岁运」73;讹写「会赠运」1		A	劝学网本作「岁」;同段重出之原注作「岁运相逢」	会赠运 → 会岁运
20	二十、通关	1	物，明见暗会〔赠运相逢，乃为通关也。必得引用无合之神，及刑冲所间之物，前后上下，援引得来，能胜劫占之神，能补所缺之物，明见暗会〕，岁运相逢，	赠运相逢，乃为通关也。必得引用无合之神，及刑冲所间之物，前后上下，援引得来，能胜劫占之神，能补所缺之物，明见暗会	≈赠>岁		衍文(重出)	正写 「会岁」1 「会」131 「岁」123;讹写「会赠运相逢乃为通关也必得引用无合之神及刑冲所间之物前后上下援引得来能胜劫占之神能补所缺之物明见暗会岁」1		C	原注在本站重出一遍;古诗文本无此重出,劝学网本有;删段须主会话定	
20	二十、通关	1	为通关也。关〔爱〕而其愿遂矣，	爱	通	通	形近讹	正写 「关通而」0 「关通」1 「通而」1;讹写「关爱而」1		B	两见证本作「关通」	关爱而 → 关通而
20	二十、通关	2	，煞藏印亦，〔〕此显然通达，	∅	藏	藏	脱文	正写 「亦藏此」0 「亦藏」2 「藏此」1;讹写「亦此」2		B	两见证本作「煞藏印亦藏」(与上「露印亦露」对)	煞藏印亦，此显 → 煞藏印亦藏，此显
20	二十、通关	6	癸水临旺，贴〔峰〕相克，被戊土	峰	身	身	形近讹	正写 「贴身相」2 「贴身」9 「身相」2;讹写「贴峰相」1		A	两见证本作「贴身」;同书「贴身」8 见	贴峰相 → 贴身相
21	二十一、官杀	1	从官象，不可〔命〕杀混也。	命	使	使	形近讹	正写 「可使杀」1 「可使」6 「使杀」1;讹写「可命杀」1		A	两见证本作「不可使杀混」	可命杀 → 可使杀
21	二十一、官杀	16	海，裕后光前〔后〕。	后	也	也	形近讹	正写 「前也」0 「前也」0 「也」1164;讹写「前后」7		A	两见证本作「裕后光前也」	光前后。 → 光前也。
21	二十一、官杀	18	蹬功名，刑耗〔并见，已未〕交运，干制杀	并见，已未	同本站	同本站	见证本亦同	正写 「见己未」0 「见己」2 「己未」20;讹写「见已未」1	扫描	B	「已」非天干;大运 辛酉 庚申 己未	并见，已未 → 并见，己未
21	二十一、官杀	25	杀势猖狂。喜〔而〕日时坐戌，通	而	其	其	形近讹	正写 「喜其日」1 「喜其」91 「其日」1;讹写「喜而日」1		A	两见证本作「喜其」	喜而日 → 喜其日
21	二十一、官杀	32	巳乃南方之火〔火〕，癸临绝地，	火			衍文	正写 「火癸」3 「火」1327 「癸」320;讹写「火火癸」1		A	两见证本无叠「火」	之火火， → 之火，
21	二十一、官杀	32	临绝地，杯水〔舆〕薪，喜其混也	舆	车	车	形近讹	正写 「水车薪」2 「水车」2 「车薪」2;讹写「水舆薪」1		A	两见证本作「杯水车薪」	水舆薪 → 水车薪
21	二十一、官杀	40	而知制诰，陪〔待〕从而应传宣也	待	侍	侍	形近讹	正写 「陪侍从」0 「陪侍」0 「侍从」0;讹写「陪待从」1		B	两见证本作「陪侍从」	陪待从 → 陪侍从
21	二十一、官杀	42	火，所以早遂〔表〕钱之选，兆人	表	青	青	形近讹	正写 「遂青钱」1 「遂青」4 「青钱」3;讹写「遂表钱」1		A	两见证本作「青钱之选」	遂表钱 → 遂青钱
21	二十一、官杀	59	合已化土，丁〔外艰：已巳〕年又冲去亥水	外艰：已巳	同本站	同本站	见证本亦同	正写 「艰己巳」0 「艰己」0 「己巳」18;讹写「艰已巳」1	扫描	B	「已」非天干	外艰：已巳 → 外艰：己巳
21	二十一、官杀	61	致蹭蹬秋闱纳〔捐瞩，仁路〕亦不能通达。	捐瞩，仁路	同本站	同本站	见证本亦同	正写 「瞩仕路」0 「瞩仕」0 「仕路」28;讹写「瞩仁路」1	扫描	B	仕路 28 见	捐瞩，仁路 → 捐瞩，仕路
21	二十一、官杀	63	点中书；庚运〔仁版〕连登，入参军	仁版	同本站	同本站	见证本亦同	正写 「运仕版」1 「运仕」9 「仕版」6;讹写「运仁版」1	注疏+扫描	B	仕版 6 见	运仁版 → 运仕版
22	二十二、伤官	1	财，皆不可见〔宫〕。又要看身强	宫	官	官	形近讹	正写 「见官又」0 「见官」23 「官又」5;讹写「见宫又」1		A	两见证本作「官」	可见宫。 → 可见官。
22	二十二、伤官	2	逢印旺必贵；〔〕官民用官，运	∅	伤	伤	脱文	正写 「贵伤官用」0 「贵伤官」0 「伤官用」25;讹写「贵官民用」1		A	两见证本作「伤官用官」	官民用官 → 伤官用官
22	二十二、伤官	11	伤官，印绶通〔奶〕禄支，格局未	奶	根	根	形近讹	正写 「通根禄」3 「通根」98 「根禄」3;讹写「通奶禄」1		A	两见证本作「通根」	通奶禄 → 通根禄
22	二十二、伤官	11	。虽嫌财星坏〔屯〕，而丑辰皆湿	屯	印	印	形近讹	正写 「坏印而」0 「坏印」35 「印而」24;讹写「坏屯而」1		A	两见证本作「财星坏印」	星坏屯， → 星坏印，
22	二十二、伤官	16	起倒万状。至〔戊〕运，紧制亥水	戊	戌	戌	形近讹	正写 「至戌运」2 「至戌」3 「戌运」29;讹写「至戊运」4		A	两见证本作「戌运」;大运庚戌,戌合卯化财	状。至戊运， → 状。至戌运，
22	二十二、伤官	29	伤官，若生丑〔戌〕月，为从儿格	戌	辰	辰	形近讹	正写 「丑辰月」1 「丑辰」11 「辰月」12;讹写「丑戌月」2		B	两见证本作「丑辰月」(湿土)	生丑戌月 → 生丑辰月
22	二十二、伤官	29	，为从儿格，〔甸〕利皆遂。生于	甸	名	名	形近讹	正写 「格名利」0 「格名」1 「名利」76;讹写「格甸利」1		A	两见证本作「名利」	格，甸利 → 格，名利
24	二十四、浊气	2	之浊也；或官〔旺〕喜印，财星坏	旺	衰	衰	形近讹	正写 「官衰喜」1 「官衰」15 「衰喜」1;讹写「官旺喜」2		C	见证本作「官衰喜印」;本站「官旺喜印」亦通	
25	二十五、真神	1	注：如木火透〔音〕，生寅月，聚	音	者	者	形近讹	正写 「透者生」0 「透者」2 「者生」11;讹写「透音生」1	注疏	B	两见证本作「透者」	火透音， → 火透者，
25	二十五、真神	1	不为忌神所害〔财〕贵。如参以金	财	则	则	形近讹	正写 「害则贵」0 「害则」2 「则贵」0;讹写「害财贵」0		B	两见证本作「则贵」	害财贵 → 害则贵
25	二十五、真神	2	再定运程之宜〔忆〕，则穷通了然	忆	忌	忌	形近讹	正写 「宜忌则」0 「宜忌」3 「忌则」3;讹写「宜忆则」1		A	两见证本作「宜忌」	之宜忆， → 之宜忌，
25	二十五、真神	4	东刘中堂造，〔已〕土卑薄，生于	已	同本站	己	形近讹	正写 「造己土」1 「造己」1 「己土」61;讹写「造已土」1	白话+注疏+扫描	A	古诗文本作「己土」;天干	造，已土 → 造，己土
25	二十五、真神	4	，负经邦论道〔这〕才也。	这	之	之	形近讹	正写 「道之才」0 「道之」1 「之才」20;讹写「道这才」1	白话+注疏+扫描	A	两见证本作「之才」	道这才 → 道之才
26	二十六、假神	2	，真神失势。〔收〕神得局，法当	收	假	假	形近讹	正写 「势假神」2 「势假」2 「假神」14;讹写「势收神」1	注疏	A	两见证本作「假神得局」;同段「真神失势，假神得局」	势。收神 → 势。假神
26	二十六、假神	2	，必须岁运扶〔直〕抑假，亦可发	直	真	真	形近讹	正写 「扶真抑」0 「扶真」3 「真抑」0;讹写「扶直抑」1	注疏	B	两见证本作「扶真抑假」(注疏疑真假倒,不从)	扶直抑 → 扶真抑
26	二十六、假神	2	能救人也。有〔的〕是病而服是药	的			衍文	正写 「有是」3 「有」1016 「是」356;讹写「有的是」1		A	两见证本无「的」	有的是 → 有是
26	二十六、假神	6	：乙酉更佳，〔仕〕至州牧：一交	仕	仁	仁	本站已改			-		
27	二十七、刚柔	1	遇恩威，则成〔淫〕贱。如乙木生	淫	同本站	婬	异体			-		
27	二十七、刚柔	2	；失时休囚，〔原局无劫印邦身〕，用食神制杀	原局无劫印邦身	同本站	同本站	见证本亦同	正写 「印帮身」0 「印帮」0 「帮身」41;讹写「印邦身」1	白话	B	邦/帮形近;「帮身」习见	原局无劫印邦身 → 原局无劫印帮身
27	二十七、刚柔	8	。至癸巳运，〔〕全无金局，癸	∅	支	支	脱文	正写 「运支全金」0 「运支全」1 「支全金」4;讹写「运全无金」1		B	两见证本作「支全金局」(巳酉丑)	全无金局 → 支全金局
27	二十七、刚柔	10	，更妙甲木透〔出〕，谓藤萝系甲	出	时	时	形近讹	正写 「透时谓」0 「透时」2 「时谓」3;讹写「透出谓」2		C	见证本作「甲木透时」;本站「透出」亦通	
27	二十七、刚柔	10	如在别支，不〔得〕生化之情，功	得	行	行	形近讹	正写 「不行生」0 「不行」6 「行生」7;讹写「不得生」1		C	见证本作「不行生化之情」;本站「不得」亦通	
28	二十八、顺逆	2	。其气有阴有〔有〕阳，阳含阳生	有			衍文	正写 「有阳」3 「有」1016 「阳」224;讹写「有有阳」1		A	两见证本无叠「有」	有有阳 → 有阳
28	二十八、顺逆	2	其势有清有浊〔〕中清，贵之机	∅	浊	浊	脱文	正写 「浊浊中」0 「浊浊」0 「浊中」1;讹写「浊中」1		A	两见证本作「有清有浊，浊中清」;下「清中浊」对举	有清有浊中清 → 有清有浊，浊中清
28	二十八、顺逆	2	心或日主得时〔很小〕秉令，四柱皆	很小			衍文	正写 「时秉」1 「时」351 「秉」21;讹写「时很小秉」1		A	两见证本无「很小」(现代词,输入法衍)	时很小 → 时
28	二十八、顺逆	6	运大旺财源；〔一交已未〕，运转南方，	一交已未	同本站	同本站	见证本亦同	正写 「交己未」6 「交己」8 「己未」20;讹写「交已未」2	扫描	B	「已」非天干	一交已未 → 一交己未
29	二十九、寒暖	1	成。寒之甚，〔暖〕之至，内有一	暖	瞹	瞹	本站已改			-		
29	二十九、寒暖	1	子月，则一阳〔这〕候，万物怀胎	这	之	之	形近讹	正写 「阳之候」0 「阳之」16 「之候」1;讹写「阳这候」1	注疏+扫描	A	两见证本作「一阳之候」	阳这候 → 阳之候
29	二十九、寒暖	2	万物之理也，〔不可专执西北金水为守则〕，东南木火为	不可专执西北金水为守则	同本站	同本站	见证本亦同	正写 「为寒东」3 「为寒」6 「寒东」3;讹写「为守则东」1	白话	B	与下「东南木火为暖」对举	西北金水为守则 → 西北金水为寒
29	二十九、寒暖	2	，东南木火为〔暖〕。考机之所，	暖	瞹	瞹	本站已改			-		
29	二十九、寒暖	2	鳏寡，无生成〔这〕意也。如此推	这	之	之	形近讹	正写 「成之意」0 「成之」18 「之意」54;讹写「成这意」1	白话+扫描	A	两见证本作「无生成之意」	成这意 → 成之意
29	二十九、寒暖	2	这意也。如此〔推祥〕，不但阴阳配	推祥	同本站	同本站	见证本亦同	正写 「推详不」1 「推详」6 「详不」1;讹写「推祥不」1	注疏	B	祥/详	此推祥 → 此推详
29	二十九、寒暖	2	暖亦不过矣。〔竟四时之序〕，相生而成，	竟四时之序	同本站	同本站	见证本亦同		注疏	C		
29	二十九、寒暖	2	物。若寒甚而〔暖〕无气；过于暖	暖	瞹	瞹	本站已改			-		
29	二十九、寒暖	4	。由引论之，〔年得者寅也〕，地气上稓，	年得者寅也	同本站	同本站	见证本亦同		注疏	C		
29	二十九、寒暖	4	寅也，地气上〔稓〕，木火绝处逢	稓	升	升	形近讹	正写 「上升木」0 「上升」7 「升木」0;讹写「上稓木」1	白话+注疏	A	两见证本作「上升」	气上稓， → 气上升，
29	二十九、寒暖	4	，妙在寅中遥〔中〕，谓之动，动	中	冲	冲	形近讹	正写 「遥冲谓」0 「遥冲」6 「冲谓」3;讹写「遥中谓」1	白话+注疏	A	两见证本作「寅申遥冲」;年支申、时支寅	中遥中， → 中遥冲，
29	二十九、寒暖	6	，所谓寒甚而〔暖〕无气，反以暖	暖	瞹	瞹	本站已改			-		
29	二十九、寒暖	6	暖无气，反以〔暖〕为美，所以初	暖	无瞹	无瞹	形近讹	正写 「以无暖」0 「以无」6 「无暖」0;讹写「以暖」4	注疏	A	两见证本作「无瞹(暖)」;下文喜水忌火,与上「过于暖者，反以无寒为宜」同式	以暖为 → 以无暖为
29	二十九、寒暖	6	以初运乙亥，〔北主水地〕，有喜无忧；	北主水地	同本站	同本站	见证本亦同	正写 「北方水」15 「北方」45 「方水」18;讹写「北主水」2	注疏	B	主/方;本书 39 章「北主」两见证本作「北方」	北主水地 → 北方水地
29	二十九、寒暖	8	焰南离，重逢〔羊〕刃，暖之至矣	羊	刽	刽	本站已改			-		
29	二十九、寒暖	10	萱之并逝，嗟〔壮〕桂之摧残；壬	壮	兰	兰	形近讹	正写 「嗟兰桂」0 「嗟兰」0 「兰桂」0;讹写「嗟壮桂」1	注疏	B	两见证本作「兰桂」(与「椿萱」对)	嗟壮桂 → 嗟兰桂
30	三十、燥湿	0	燥湿，生成品〔泯〕，人道得之，	泯	汇	汇	形近讹	正写 「品汇人」0 「品汇」1 「汇人」0;讹写「品泯人」1	注疏	B	两见证本作「品汇」	成品泯， → 成品汇，
30	三十、燥湿	2	不能为力也。〔慛〕金百炼，不易	慛	惟	惟	形近讹	正写 「也惟金」0 「也惟」4 「惟金」1;讹写「也慛金」1	注疏	B	两见证本作「惟」	也。慛金 → 也。惟金
30	三十、燥湿	4	，名利双全，〔少右〕支中重重湿土	少右	不知	不知	形近讹	正写 「全不知支」0 「全不知」0 「不知支」0;讹写「全少右支」1		B	两见证本作「不知」	，少右支 → ，不知支
30	三十、燥湿	4	无生发之意，〔中〕得用水，不能	中	只	只	形近讹	正写 「意只得」0 「意只」0 「只得」13;讹写「意中得」1		A	两见证本作「只得用水」	意，中得 → 意，只得
30	三十、燥湿	4	，衣食颇丰；〔天地〕丙午丁未二十	天地	至	至	形近讹	正写 「丰至丙」0 「丰至」0 「至丙」17;讹写「丰天地丙」1		A	两见证本作「至丙午丁未」	；天地丙 → ；至丙
31	三十一、隐显	1	注：局中所喜〔这〕神，透于天干	这	之	之	形近讹	正写 「喜之神」8 「喜之」9 「之神」78;讹写「喜这神」1	扫描	A	两见证本作「所喜之神」	喜这神 → 喜之神
31	三十一、隐显	2	而用，假如天〔〕为财，岁运遇	∅	干以甲乙	干以甲乙	脱文(长)	正写 「天干以甲乙为」0 「天干以甲乙」0 「干以甲乙为」0;讹写「天为」2	注疏	B	两见证本作「天干以甲乙为财」;本站脱字不成句(白话已标)	如天为 → 如天干以甲乙为
31	三十一、隐显	6	泄火气，不但〔不争〕无争夺之风，	不争			衍文	正写 「但无」7 「但」83 「无」989;讹写「但不争无」1	注疏	A	两见证本无;「不但无争夺之风」	但不争 → 但
31	三十一、隐显	6	之风，反有生〔生〕之谊。因初交	生	才	才	形近讹	正写 「生财之」0 「生财」0 「财之」0;讹写「生生之」5		B	两见证本作「生才(财)之谊」	有生生之谊 → 有生财之谊
31	三十一、隐显	6	中运三十载西〔〕土金地，化劫	∅	方	方	脱文	正写 「西方土」0 「西方」29 「方土」0;讹写「西土」1		B	两见证本作「西方土金地」	载西土 → 载西方土
32	三十二、众寡	4	际遇，捐纳出〔仕，及已巳〕二十年，土生	仕，及已巳	同本站	同本站	见证本亦同	正写 「及己巳」0 「及己」0 「己巳」18;讹写「及已巳」1	扫描	B	「已」非天干;大运己巳	仕，及已巳 → 仕，及己巳
33	三十三、震兑	12	得其制矣；况〔平〕时逢禄旺，一	平	乎	乎	形近讹	正写 「况乎时」0 「况乎」2 「乎时」2;讹写「况平时」1		B	两见证本作「况乎」	况平时 → 况乎时
34	三十四、坎离	2	升；降者，天〔地〕干坎衰，地支	地			衍文	正写 「天干」218 「天」397 「干」540;讹写「天地干」1	白话	A	两见证本作「天干坎衰」	天地干 → 天干
34	三十四、坎离	8	兴，及癸卯甲〔寅〕，发财数万。	寅	辰	辰	形近讹	正写 「甲辰发」0 「甲辰」8 「辰发」0;讹写「甲寅发」1		A	两见证本作「甲辰」;大运 壬寅 癸卯 甲辰	卯甲寅，发 → 卯甲辰，发
35	一、夫妻	1	，一生富贵在〔子足〕，妻子在于是	子足	于是	于是	形近讹	正写 「在于是妻」0 「在于是」1 「于是妻」0;讹写「在子足妻」1		B	两见证本作「在于是」;下句「妻子在于是」	在子足 → 在于是
35	一、夫妻	1	妻子在于是。〔在〕率依财看妻，	在	大	大	形近讹	正写 「是大率」0 「是大」0 「大率」9;讹写「是在率」1		A	两见证本作「大率」	是。在率 → 是。大率
35	一、夫妻	2	，不特翁妇同〔完〕生孙，有是理	完	宗则显然祖去	宗则显然祖去	异文(长)	正写 「同宗则显然祖去生」0 「同宗则显然祖去」0 「宗则显然祖去生」0;讹写「同完生」1		C	见证本作「同宗则显然祖去生子孙」,本段本站多处脱讹	
35	一、夫妻	2	特翁妇同完生〔〕孙，有是理乎	∅	子	子	脱文	正写 「生子孙」1 「生子」8 「子孙」11;讹写「生孙」3		C		
35	一、夫妻	2	为父母，偏正〔财星〕是也；我生者	财星	印绶	印绶	形近讹	正写 「正印绶是」0 「正印绶」1 「印绶是」1;讹写「正财星是」0	白话	A	两见证本作「偏正印绶」;下句「我克者为妇妾，偏正财星是也」	，偏正财星是也； → ，偏正印绶是也；
35	一、夫妻	2	法，夫财以妻〔讼〕，财中馈贤能	讼	论	论	形近讹	正写 「妻论才」0 「妻论」0 「论才」8;讹写「妻讼才」1		B	两见证本作「以妻论」	以妻讼， → 以妻论，
35	一、夫妻	2	财以妻讼，财〔〕中馈贤能；财	∅	星清则	星清则	脱文	正写 「才星清则中」0 「才星清则」0 「星清则中」0;讹写「才中」2		B	两见证本作「财星清则中馈贤能」	，财中馈 → ，财星清则中馈
35	一、夫妻	2	浊者，生煞坏〔屯〕，争妫无情是	屯	印	印	形近讹	正写 「坏印争」0 「坏印」35 「印争」0;讹写「坏屯争」1	白话	A	两见证本作「坏印」	煞坏屯， → 煞坏印，
35	一、夫妻	2	生煞坏屯，争〔妫〕无情是也。旧	妫	妒	妒	形近讹	正写 「争妒无」0 「争妒」6 「妒无」0;讹写「争妫无」1	白话	B	两见证本作「争妒」	争妫无 → 争妒无
35	一、夫妻	2	贤不克，妻陋〔不〕必亡；官星弱	不			衍文	正写 「陋必」0 「陋」8 「必」439;讹写「陋不必」1		A	两见证本无	陋不必 → 陋必
35	一、夫妻	2	贤而陋，或因〔正好抬〕祸伤身，日主	正好抬	妻招	妻招	形近讹	正写 「因妻招祸」1 「因妻招」1 「妻招祸」1;讹写「因正好抬祸」1		A	两见证本作「妻招祸」;「正好」为输入法衍	正好抬 → 妻招
35	一、夫妻	2	喜用者，必得〔正好〕妻财；日主喜	正好			衍文	正写 「得妻」3 「得」666 「妻」132;讹写「得正好妻」1		A	两见证本无;输入法衍	得正好 → 得
35	一、夫妻	2	财者，必得妻〔务〕。日主喜财，	务	力	力	形近讹	正写 「妻力日」0 「妻力」0 「力日」0;讹写「妻务日」1		B	两见证本作「妻力」	得妻务。 → 得妻力。
35	一、夫妻	2	有外情；日主〔〕喜忌而论。若	∅	忌才才合闲神而化才者主琴瑟不和皆以四柱情势日主	忌才才合闲神而化才者主琴瑟不和皆以四柱情势日主	脱文(长)	正写 「主忌才才合闲神而化才者主琴瑟不和皆以四柱情势日主喜」0 「主忌才才合闲神而化才者主琴瑟不和皆以四柱情势日主」0 「忌才才合闲神而化才者主琴瑟不和皆以四柱情势日主喜」0;讹写「主喜」32		C		
35	一、夫妻	2	星浮泛，宜财〔〕深伏，宜冲动	∅	库以收藏才星	库以收藏才星	脱文(长)	正写 「才库以收藏才星深」0 「才库以收藏才星」0 「库以收藏才星深」0;讹写「才深」1		C		
36	二、子女	1	，或不肖，或〔不肖，或〕有克。然看官	不肖，或			衍文	正写 「或有」7 「或」235 「有」1016;讹写「或不肖或有」1		A	两见证本无此重出	或不肖，或 → 或
36	二、子女	1	，如官轻须要〔功灾民〕；杀重身轻，	功灾民	助官	助官	形近讹	正写 「要助官杀」0 「要助官」0 「助官杀」1;讹写「要功灾民杀」1		B	两见证本作「助官」	功灾民 → 助官
36	二、子女	1	官星阻滞，要〔和〕扶冲发；官星	和	生	生	形近讹	正写 「要生扶」1 「要生」2 「生扶」39;讹写「要和扶」1		A	两见证本作「生扶冲发」	要和扶 → 要生扶
36	二、子女	2	是也。不服官〔俯〕之治者，则为	俯	府	府	形近讹	正写 「官府之」0 「官府」0 「府之」0;讹写「官俯之」1		B	两见证本作「官府」	官俯之 → 官府之
36	二、子女	2	莫非论命竟可〔地〕君无父乎？谚	地	无	无	形近讹	正写 「可无君」0 「可无」2 「无君」0;讹写「可地君」1		B	两见证本作「无君无父」	可地君 → 可无君
36	二、子女	2	云，“父在子〔〕得自专”，若	∅	不	不	脱文	正写 「子不得」0 「子不」7 「不得」23;讹写「子得」1		A	两见证本作「父在子不得自专」;任氏正驳此谚	在子得 → 在子不得
36	二、子女	2	得自专矣，故〔谷〕以克父克母为	谷	俗	俗	形近讹	正写 「故俗以」0 「故俗」0 「俗以」2;讹写「故谷以」1		B	两见证本作「俗」	故谷以 → 故俗以
36	二、子女	2	变之至论也。〔如〕日主旺，无印	如			衍文	正写 「也日」7 「也」1164 「日」692;讹写「也如日」4		B	两见证本无	论也。如日主 → 论也。日主
36	二、子女	2	日主旺，印绶〔得〕，食伤轻，子	得	重	重	形近讹	正写 「绶重食」1 「绶重」13 「重食」4;讹写「绶得食」1		A	两见证本作「印绶重」	印绶得， → 印绶重，
36	二、子女	2	轻，有财星，〔预防〕多而贤；日主	预防	子	子	形近讹	正写 「星子多」1 「星子」4 「子多」8;讹写「星预防多」1		A	两见证本作「子多而贤」	，预防多 → ，子多
36	二、子女	2	；日主旺，印〔〕必无；日主弱	∅	绶多无食伤有才星子多而能日主弱印绶轻有才星子	绶多无食伤有才星子多而能日主弱印绶轻有才星子	脱文(长)	正写 「印绶多无食伤有才星子多而能日主弱印绶轻有才星子必」0 「印绶多无食伤有才星子多而能日主弱印绶轻有才星子」0 「绶多无食伤有才星子多而能日主弱印绶轻有才星子必」0;讹写「印必」2		C		
36	二、子女	2	食伤重，印绶〔地〕，亦无子；日	地	无	无	形近讹	正写 「绶无亦」0 「绶无」6 「无亦」1;讹写「绶地亦」1		A	两见证本作「印绶无」	印绶地， → 印绶无，
36	二、子女	2	轻，无比劫，〔爱〕星，子必无；	爱	有官	有官	形近讹	正写 「劫有官星」0 「劫有官」0 「有官星」4;讹写「劫爱星」1		B	两见证本作「有官星」	劫，爱星 → 劫，有官星
36	二、子女	2	无；日主弱，〔断〕杀重，印绶轻	断	官	官	形近讹	正写 「弱官杀」3 「弱官」10 「官杀」67;讹写「弱断杀」1		A	两见证本作「官杀重」	弱，断杀 → 弱，官杀
36	二、子女	2	，官杀轻，有〔〕印绶 ，遇财	∅	才星子虽克则有孙日主旺食伤旺有	才星子虽克则有孙日主旺食伤旺有	脱文(长)	正写 「有才星子虽克则有孙日主旺食伤旺有印」0 「有才星子虽克则有孙日主旺食伤旺有」0 「才星子虽克则有孙日主旺食伤旺有印」0;讹写「有印」33		C		
36	二、子女	2	 ，遇财星，〔〕有子必逆。又	∅	虽	虽	脱文	正写 「星虽有」0 「星虽」2 「虽有」32;讹写「星有」18		B	两见证本作「虽有子必逆」	星，有子 → 星，虽有子
36	二、子女	2	，遇财星，有〔〕子必逆。又有	∅	若无日主弱官杀旺有印绶遇才星有	若无日主弱官杀旺有印绶遇才星有	脱文(长)	正写 「有若无日主弱官杀旺有印绶遇才星有子」0 「有若无日主弱官杀旺有印绶遇才星有」0 「若无日主弱官杀旺有印绶遇才星有子」0;讹写「有子」13		C		
36	二、子女	2	日主旺，比劫〔我〕，无印绶，食	我	多	多	形近讹	正写 「劫多无」0 「劫多」6 「多无」7;讹写「劫我无」1		A	两见证本作「比劫多」	比劫我， → 比劫多，
36	二、子女	2	多者，盖母多〔恶意〕子之意也。故	恶意	灭	灭	形近讹	正写 「多灭子」2 「多灭」2 「灭子」5;讹写「多恶意子」1		A	两见证本作「母多灭子」	多恶意 → 多灭
36	二、子女	2	杀为子也，此〔这〕谓也。明虽以	这	之	之	形近讹	正写 「此之谓」5 「此之」6 「之谓」27;讹写「此这谓」1	扫描	A	两见证本作「此之谓也」	此这谓 → 此之谓
36	二、子女	2	官杀为子也。〔〕大率身旺财为	∅	暗仍以食伤为子此逆局反克相生之法非竟以官杀为子也	暗仍以食伤为子此逆局反克相生之法非竟以官杀为子也	脱文(长)	正写 「也暗仍以食伤为子此逆局反克相生之法非竟以官杀为子也大」0 「也暗仍以食伤为子此逆局反克相生之法非竟以官杀为子也」0 「暗仍以食伤为子此逆局反克相生之法非竟以官杀为子也大」0;讹写「也大」6		C		
36	二、子女	4	〔〕此造日主旺，	∅	用神为子忌神为女	用神为子忌神为女	脱文(长)	正写 「用神为子忌神为女此」0 「用神为子忌神为女」0 「用神为子忌神为女此」0;讹写「此」578		C	两见证本另有「用神为子，忌神为女」一行,似标题	
36	二、子女	4	寒冻也，是以〔农〕业富厚，更喜	农	家	家	形近讹	正写 「以家业」0 「以家」0 「家业」52;讹写「以农业」1		B	两见证本作「家业」	以农业 → 以家业
36	二、子女	4	六岁生子，每〔所〕得一子，连生	所	年	年	形近讹	正写 「每年得」0 「每年」0 「年得」4;讹写「每所得」1		B	两见证本作「每年得一子」	每所得 → 每年得
36	二、子女	8	，生十二子，〔刑逝〕十子。现存二	刑逝	同本站	同本站	见证本亦同		注疏	C		
36	二、子女	17	，伤其辛金，〔所以已丑〕戊子运中，不	所以已丑	同本站	同本站	见证本亦同	正写 「以己丑」0 「以己」2 「己丑」11;讹写「以已丑」1	扫描	B	「已」非天干	所以已丑 → 所以己丑
37	三、父母	0	父母〔或降与或替〕，岁月所关果	或降与或替	同本站	同本站	见证本亦同	正写 「或隆与」0 「或隆」0 「隆与」0;讹写「或降与」1	注疏	B	降/隆形近;辑要作「或兴与或替」,「隆替」「兴替」同义	或降与或替 → 或隆与或替
37	三、父母	1	印生之神，而〔损益舒得所〕，及阴阳多寡	损益舒得所	同本站	同本站	见证本亦同		注疏	C		
37	三、父母	2	把握，仍惑于〔谷书〕之谬也。夫父	谷书	同本站	同本站	见证本亦同	正写 「于俗书」0 「于俗」0 「俗书」2;讹写「于谷书」1	白话+注疏	B	谷/俗形近;同书「俗书」	于谷书 → 于俗书
37	三、父母	2	帮父兴家：年〔秎〕月印，日景喜	秎	伤	伤	形近讹	正写 「年伤月」0 「年伤」0 「伤月」0;讹写「年秎月」1	注疏	C	处于本段大段脱文之中(见证本多出四句),单改一字无益	
37	三、父母	2	年秎月印，日〔景〕喜印，时日逢	景	主	主	形近讹	正写 「日主喜」32 「日主」398 「主喜」32;讹写「日景喜」2	白话	C	同上	
37	三、父母	2	者，知其父母〔〕印者，知其自	∅	创业之命年	创业之命年	脱文(长)	正写 「母创业之命年印」0 「母创业之命年」0 「创业之命年印」0;讹写「母印」1		C		
37	三、父母	2	，知其父母印〔〕者，知其自创	∅	月才日主喜印时上遇官	月才日主喜印时上遇官	脱文(长)	正写 「印月才日主喜印时上遇官者」0 「印月才日主喜印时上遇官」0 「月才日主喜印时上遇官者」0;讹写「印者」11		C		
37	三、父母	2	母印者，知其〔〕自创成家。年	∅	父母破败时日逢印者知其	父母破败时日逢印者知其	脱文(长)	正写 「其父母破败时日逢印者知其自」0 「其父母破败时日逢印者知其」0 「父母破败时日逢印者知其自」0;讹写「其自」1		C		
37	三、父母	2	成家。年官月〔劫〕，年劫月劫，	劫	印日主喜官时日逢才出身富贵守成之造	印日主喜官时日逢才出身富贵守成之造	异文(长)	正写 「月印日主喜官时日逢才出身富贵守成之造年」0 「月印日主喜官时日逢才出身富贵守成之造」0 「印日主喜官时日逢才出身富贵守成之造年」0;讹写「月劫年」2		C		
37	三、父母	2	年官月劫，年〔劫〕月劫，年印月	劫	伤	伤	形近讹	正写 「年伤月」0 「年伤」0 「伤月」0;讹写「年劫月」2		C	同上	
37	三、父母	2	，年劫月劫，〔年印月劫〕，日主喜财，	年印月劫			衍文(长)	正写 「劫日」2 「劫」246 「日」692;讹写「劫年印月劫日」1		C		
37	三、父母	2	，日主喜财，〔遗绪丰勇〕，日主喜劫，	遗绪丰勇	同本站	同本站	见证本亦同	正写 「才丰厚日」0 「才丰厚」0 「丰厚日」0;讹写「才遗绪丰勇日」1	白话+注疏	C		
37	三、父母	6	柱纯粹可观，〔一〕行生化有情，	一	五	五	形近讹	正写 「观五行」0 「观五」1 「五行」98;讹写「观一行」1		A	两见证本作「五行生化」	观，一行 → 观，五行
37	三、父母	6	，连登科甲，〔〕五笔型五子皆	∅	生	生	脱文	正写 「甲生五」0 「甲生」5 「生五」5;讹写「甲五笔型五」1		A	两见证本作「连登科甲，生五子皆登」;「笔型」为五笔输入法残留	连登科甲，五笔型五子皆登 → 连登科甲，生五子皆登
37	三、父母	6	甲，五笔型五〔子皆登仁籍〕，富贵福寿之	子皆登仁籍	同本站	同本站	见证本亦同	正写 「登仕籍」0 「登仕」11 「仕籍」0;讹写「登仁籍」1	扫描	B	仁/仕;同「仁至→仕至」	子皆登仁籍 → 子皆登仕籍
37	三、父母	10	收，然丙火生〔〕孟夏，火气方	∅	于	于	脱文	正写 「生于孟」30 「生于」303 「于孟」30;讹写「生孟」3		B	两见证本作「生于孟夏」	然丙火生孟夏， → 然丙火生于孟夏，
37	三、父母	10	土，窃去命主〔无〕神，时癸盖头	无	元	元	形近讹	正写 「主元神」8 「主元」8 「元神」56;讹写「主无神」1		A	两见证本作「命主元神」	主无神 → 主元神
37	三、父母	10	命主无神，时〔〕癸盖头，巳火	∅	干	干	脱文	正写 「时干癸」1 「时干」40 「干癸」11;讹写「时癸」2		B	两见证本作「时干癸」	，时癸盖 → ，时干癸盖
37	三、父母	10	方木土，出身〔遣〕业丰百姓；丙	遣	遗	遗	形近讹	正写 「身遗业丰厚业」0 「身遗业丰厚」0 「遗业丰厚业」0;讹写「身遣业丰百姓业」0	注疏	A	两见证本作「出身遗业丰厚」	出身遣业丰百姓 → 出身遗业丰厚
37	三、父母	10	火不通根，官〔〕得地，家多破	∅	星	星	脱文	正写 「官星得」5 「官星」177 「星得」28;讹写「官得」12		B	两见证本作「官星得地」	，官得地 → ，官星得地
37	三、父母	10	根，官得地，〔家〕多破耗；丑运	家	定	定	形近讹	正写 「地定多」0 「地定」0 「定多」1;讹写「地家多」1		C	见证本作「定多破耗」,本站亦通	
37	三、父母	10	，刑克异常，〔家业〕十去八九，夫	家业	定粗	定粗	形近讹	正写 「常定粗十」0 「常定粗」0 「定粗十」0;讹写「常家业十」1		C	见证本作「定粗」,不成义	
38	四、兄弟	1	，兄弟必贵；〔比肩重而伤民财杀亦旺者〕，兄弟必富。	比肩重而伤民财杀亦旺者	同本站	同本站	见证本亦同	正写 「伤官财」0 「伤官」175 「官财」0;讹写「伤民财」0	白话+注疏	B	民/官;本书「官民用官」两见证本作「伤官」	比肩重而伤民财杀亦旺者 → 比肩重而伤官财杀亦旺者
38	四、兄弟	2	〔任氏日〕；比肩为兄，	任氏日	同本站	同本站	见证本亦同	正写 「氏曰比」0 「氏曰」137 「曰比」0;讹写「氏日比」1	白话	B	「任氏曰」137 见	任氏日； → 任氏曰；
38	四、兄弟	2	。财生杀党，〔比劫帮峰〕，大被可以同	比劫帮峰	同本站	同本站	见证本亦同	正写 「帮身大」0 「帮身」41 「身大」2;讹写「帮峰大」1	白话	B	峰/身;本书「贴峰」两见证本作「贴身」	比劫帮峰 → 比劫帮身
38	四、兄弟	2	气，弟虽敬而〔史〕必衰；官旺印	史	同本站	兄	形近讹	正写 「而兄必」0 「而兄」2 「兄必」0;讹写「而史必」1		A	古诗文本作「兄」;兄弟章	而史必 → 而兄必
38	四、兄弟	4	无制，喜其丁〔午〕寅亥合而化印	午	同本站	壬	形近讹	正写 「丁壬寅」1 「丁壬」15 「壬寅」16;讹写「丁午寅」1		A	古诗文本作「丁壬」;本例 丁亥 壬寅 丙子 丁酉,丁壬合、寅亥合	丁午寅 → 丁壬寅
38	四、兄弟	4	亥合而化印，〔以杂为恩〕。时支财星，	以杂为恩	同本站	同本站	衍文(重出)		注疏	C	本站与两见证本皆重出「以杂为恩。时支财星，生官坏印」;删须主会话定	
38	四、兄弟	6	太旺亦伤残，〔秘〕须身财并旺，	秘	必	必	形近讹	正写 「残必须」0 「残必」0 「必须」43;讹写「残秘须」1	注疏	B	两见证本作「必须」	残，秘须 → 残，必须
39	五、何知章	6	羡五行无木，〔财水泄而火无助〕，壬水可用。	财水泄而火无助	同本站	同本站	见证本亦同		注疏	C		
39	五、何知章	8	所以贵也。夫〔论民与论子〕之法，可相通	论民与论子	同本站	同本站	见证本亦同	正写 「论官与」0 「论官」1 「官与」5;讹写「论民与」1	注疏	B	民/官;见上	论民与论子 → 论官与论子
39	五、何知章	15	，庚运帮身。〔癸酉看登科〕；午运杀旺，	癸酉看登科	同本站	同本站	见证本亦同		注疏	C		
39	五、何知章	17	“以杀化权，〔定显露门贵客〕”，此之谓也	定显露门贵客	同本站	同本站	见证本亦同		注疏	C		
39	五、何知章	18	何知其人贫?〔财贫神反不真〕。	财贫神反不真	同本站	同本站	见证本亦同	正写 「财神」0 「财」0 「神」997;讹写「财贫神」0	注疏	B	任氏正文一律作「财神不真」;辑要作「财神终不真」;「贫」涉上衍	财贫神反不真 → 财神反不真
39	五、何知章	19	重印轻身弱，〔财重却轻身弱〕，皆为财神不	财重却轻身弱	同本站	同本站	见证本亦同		注疏	C		
39	五、何知章	20	任氏〔日〕：财神不真者	日	曰	曰	形近讹	正写 「氏曰才」0 「氏曰」137 「曰才」2;讹写「氏日才」1		A	两见证本作「任氏曰」	任氏日：财 → 任氏曰：财
39	五、何知章	22	者，年干壬水〔能根会局〕，则财星反不	能根会局	同本站	同本站	见证本亦同		注疏	C		
39	五、何知章	32	，财喜如心；〔戊子已丑〕，生金晦火，	戊子已丑	同本站	同本站	见证本亦同	正写 「子己丑」2 「子己」6 「己丑」11;讹写「子已丑」1	扫描	B	「已」非天干	戊子已丑 → 戊子己丑
39	五、何知章	35	然富贵之中，〔未当无贱〕，贫贱之中，	未当无贱	同本站	同本站	见证本亦同	正写 「未尝无」5 「未尝」18 「尝无」5;讹写「未当无」2	白话	B	当/尝;「未尝」成词	未当无贱 → 未尝无贱
39	五、何知章	35	沿履者，终受〔千载之令各〕，是以有三等	千载之令各	同本站	同本站	见证本亦同	正写 「令名是」0 「令名」1 「名是」0;讹写「令各是」1	注疏	B	各/名形近	千载之令各 → 千载之令名
39	五、何知章	37	亥、子、丑北〔主〕，官星旺格；	主	方	方	形近讹	正写 「北方官」1 「北方」45 「方官」1;讹写「北主官」1	注疏	A	两见证本作「北方」	丑北主， → 丑北方，
39	五、何知章	41	。亦何盖哉！〔出身未属微贱〕。初习梨园，	出身未属微贱	同本站	同本站	见证本亦同		注疏	C		
39	五、何知章	41	发财背主，竟〔损纳〕从九品出仕，	损纳	同本站	同本站	见证本亦同	正写 「竟捐纳」0 「竟捐」0 「捐纳」5;讹写「竟损纳」1	注疏	B	损/捐形近;同书「捐纳」习见	竟损纳 → 竟捐纳
39	五、何知章	44	柱中有用神而〔〕喜神，岁运不	∅	无	无	脱文	正写 「而无喜」1 「而无」55 「无喜」3;讹写「而喜」6		B	两见证本作「有用神而无喜神」	神而喜 → 神而无喜
39	五、何知章	44	水为忌神，以〔比动〕为喜神，所以	比动	同本站	同本站	见证本亦同	正写 「比劫为」2 「比劫」85 「劫为」4;讹写「比动为」1	注疏	B	动/劫形近	以比动 → 以比劫
39	五、何知章	48	水当权，申金〔含生忘冲〕。无火则土冻	含生忘冲	同本站	同本站	见证本亦同	正写 「金贪生」0 「金贪」0 「贪生」4;讹写「金含生」1	注疏	B	含/贪形近;「贪生忘冲」书中常语	含生忘冲 → 贪生忘冲
39	五、何知章	50	，犯罪受难，〔到老不古〕。	到老不古	同本站	同本站	见证本亦同	正写 「不吉」8 「不吉」8 「吉」132;讹写「不古」1	注疏	B	古/吉形近	到老不古 → 到老不吉
39	五、何知章	51	以喜神为药，〔有病有则吉〕，有病无药则	有病有则吉	同本站	同本站	见证本亦同	正写 「有药则」0 「有药」1 「药则」4;讹写「有则」1	注疏	B	与下「有病无药则…」对举	有病有则吉 → 有病有药则吉
39	五、何知章	51	戊土，则甲木〔为当令这忌〕神，看日主之	为当令这忌	同本站	同本站	见证本亦同	正写 「令之忌」0 「令之」12 「之忌」7;讹写「令这忌」1	扫描	B	文言无「这」	为当令这忌 → 为当令之忌
39	五、何知章	58	皆元神厚处，〔宜细究这〕。清而纯粹者	宜细究这	同本站	同本站	见证本亦同	正写 「究之清」0 「究之」23 「之清」3;讹写「究这清」1	扫描	B	文言无「这」	宜细究这 → 宜细究之
39	五、何知章	60	，财逢食生，〔五行元刘皆厚〕 ，四柱通根	五行元刘皆厚	同本站	同本站	见证本亦同		注疏	C		
39	五、何知章	68	卯东方木旺，〔官司星〕之根亦薄。所	官司星	同本站	同本站	见证本亦同	正写 「官星」177 「官」995 「星」413;讹写「官司星」1	注疏	B	「司」衍;本书 10 章「伤官司」两见证本删「司」	官司星 → 官星
39	五、何知章	70	化杀之故也，〔淫〕靡无礼者，火	淫	同本站	婬	异体			-		
39	五、何知章	72	寿至九旬外，〔异财如命〕，卒后家业四	异财如命	同本站	同本站	见证本亦同		注疏	C		
39	五、何知章	75	任氏〔日〕：气浊神枯之	日	曰	曰	形近讹	正写 「氏曰气」1 「氏曰」137 「曰气」1;讹写「氏日气」1		A	两见证本作「任氏曰」	任氏日： → 任氏曰：
39	五、何知章	77	，四柱无水，〔似呼中格〕。第支皆湿土	似呼中格	同本站	同本站	见证本亦同	正写 「似乎中」0 「似乎」32 「乎中」2;讹写「似呼中」1	注疏	B	呼/乎	似呼中格 → 似乎中格
39	五、何知章	79	运东方木地，〔疪荫〕有余；寅运得	疪荫	同本站	同本站	见证本亦同	正写 「地庇荫」0 「地庇」0 「庇荫」0;讹写「地疪荫」1	注疏	B	疪/庇,同「荫疪→荫庇」	，疪荫有 → ，庇荫有
39	五、何知章	81	缺，必要有火〔有〕佳；天于三壬	有	才	才	形近讹	正写 「火才佳」0 「火才」3 「才佳」0;讹写「火有佳」1		B	两见证本作「有火才佳」	火有佳 → 火才佳
39	五、何知章	83	，气浊神枯，〔故春人愚昧〕不堪，一事无	故春人愚昧	同本站	同本站	见证本亦同		注疏	C		
40	六、女命章	1	也；满局印绶〔泄官星这气〕者，喜财而身	泄官星这气	同本站	同本站	见证本亦同	正写 「星之气」4 「星之」20 「之气」100;讹写「星这气」1	扫描	B	文言无「这」	泄官星这气 → 泄官星之气
40	六、女命章	2	知其贤愚也。〔淫〕邪嫉妨，不离	淫	同本站	婬	异体			-		
40	六、女命章	2	；详究宜确，〔淫〕秽难逃正论。	淫	同本站	婬	异体			-		
40	六、女命章	3	财乃〔天〕之恩星，女命	天	同本站	夫	形近讹	正写 「乃夫之」0 「乃夫」0 「夫之」1;讹写「乃天之」1		A	古诗文本作「夫」;女命以官为夫,财为夫之恩星	乃天之 → 乃夫之
40	六、女命章	4	富；日主旺，〔无食务〕，官得局，子	无食务	同本站	同本站	见证本亦同	正写 「食伤官」0 「食伤」118 「伤官」175;讹写「食务官」1	白话	B	「食伤」成词	无食务 → 无食伤
40	六、女命章	4	星，有印绶，〔于必少〕；日主旺，印	于必少	同本站	同本站	见证本亦同	正写 「绶子必」0 「绶子」0 「子必」19;讹写「绶于必」1	白话	B	于/子形近;论子女	于必少 → 子必少
40	六、女命章	5	至于〔淫〕邪之说，亦究	淫	同本站	婬	异体			-		
40	六、女命章	5	绶无财者，皆〔淫〕贱之命也。总	淫	同本站	婬	异体			-		
40	六、女命章	5	轻佻美貌而多〔淫〕也；伤官身弱	淫	同本站	婬	异体			-		
40	六、女命章	5	小，不可轻断〔淫〕邪，以渎神怒	淫	同本站	婬	异体			-		
40	六、女命章	5	事，继而渐及〔淫〕邪苟合之秽词	淫	同本站	婬	异体			-		
40	六、女命章	5	不出戏言，则〔刑干之化〕行矣；房帷之	刑干之化	同本站	同本站	见证本亦同	正写 「刑于之」0 「刑于」0 「于之」0;讹写「刑干之」1	注疏	B	干/于形近;语本《诗·思齐》「刑于寡妻」	刑干之化 → 刑于之化
40	六、女命章	11	墓于戌，是以〔淫〕乱不堪。夫遭	淫	同本站	婬	异体			-		
40	六、女命章	13	运西方金地，〔淫〕贱不堪。	淫	同本站	婬	异体			-		
40	六、女命章	15	庚金矣。所以〔淫〕贱之至也。	淫	同本站	婬	异体			-		
40	六、女命章	19	以背夫而去，〔淫〕秽不堪也。	淫	同本站	婬	异体			-		
40	六、女命章	21	病而死。从此〔淫〕秽不堪，后身	淫	同本站	婬	异体			-		
40	六、女命章	23	得疾而死，后〔淫〕秽异常，尤物	淫	同本站	婬	异体			-		
40	六、女命章	57	酉、戊申三十〔载土金这地〕，裕夫发财，	载土金这地	同本站	同本站	见证本亦同	正写 「金之地」6 「金之」51 「之地」94;讹写「金这地」1	扫描	B	文言无「这」	载土金这地 → 载土金之地
40	六、女命章	59	泄其精英，为〔了〕聪明端谨，颇	了	同本站	人	形近讹	正写 「为人聪」1 「为人」39 「人聪」2;讹写「为了聪」1		A	古诗文本作「为人聪明」	为了聪 → 为人聪
40	六、女命章	61	水全无，纯清〔不杂，为了端〕庄。以丙火为	不杂，为了端	同本站	同本站	见证本亦同	正写 「为人端」2 「为人」39 「人端」2;讹写「为了端」1	扫描	B	了/人;同章上例古诗文本「为人聪明端谨」	为了端庄 → 为人端庄
40	六、女命章	61	壬运，克丙火〔而阻矣〕。设使两造运	而阻矣	同本站	同本站	见证本亦同		注疏	C		
41	七、小儿	2	家  ，而无〔余忧〕，虽小儿之命	余忧	同本站	同本站	见证本亦同		注疏	C		
41	七、小儿	2	，无冲无克，〔根通月之〕，气贯生时，	根通月之	同本站	同本站	见证本亦同	正写 「月令气」0 「月令」12 「令气」1;讹写「月之气」1	注疏	B	之/令;「月令」成词	根通月之 → 根通月令
41	七、小儿	2	相托，或两意〔情〕通，互相疪护	情	相	相	形近讹	正写 「意相通」0 「意相」1 「相通」9;讹写「意情通」4		C	见证本作「两意相通」,本站亦通	
41	七、小儿	2	意情通，互相〔疪〕护，未交运而	疪	庇	庇	形近讹	正写 「相庇护」0 「相庇」0 「庇护」0;讹写「相疪护」1		B	两见证本作「互相庇护」	相疪护 → 相庇护
41	七、小儿	6	金。且运走东〔南木火这地〕，断非守业之	南木火这地	同本站	同本站	见证本亦同	正写 「火之地」5 「火之」67 「之地」94;讹写「火这地」1	扫描	B	文言无「这」	南木火这地 → 南木火之地
43	九、奋郁	2	火多，则运宜〔〕辰乙巳；天干	∅	甲	甲	脱文	正写 「宜甲辰」0 「宜甲」3 「甲辰」8;讹写「宜辰」1	注疏	A	两见证本作「甲辰乙巳」	运宜辰 → 运宜甲辰
43	九、奋郁	2	不美矣。细究〔这〕，自有深机也	这	之	之	形近讹	正写 「究之自」0 「究之」23 「之自」1;讹写「究这自」1	扫描	A	两见证本作「细究之」	细究这，自 → 细究之，自
43	九、奋郁	8	，早登科甲，〔仕〕至方伯，六旬	仕	仁	仁	本站已改			-		
44	十、恩怨	1	媒矣，虽是隔〔堔〕分立，其情自	堔	远	远	形近讹	正写 「隔远分」0 「隔远」1 「远分」0;讹写「隔堔分」1	白话	B	两见证本作「隔远」	隔堔分 → 隔远分
44	十、恩怨	2	化其为喜神，〔谓解逅相逢〕也；日主喜金	谓解逅相逢	同本站	同本站	见证本亦同	正写 「谓邂逅」1 「谓邂」1 「邂逅」2;讹写「谓解逅」1	白话	B	解/邂	谓解逅相逢 → 谓邂逅相逢
44	十、恩怨	4	然远隔，两意〔情能〕，喜辰酉合而	情能	同本站	同本站	见证本亦同	正写 「意引通喜」0 「意引通」0 「引通喜」0;讹写「意情能喜」1	白话	C		
44	十、恩怨	4	子己亥戊戌，〔酉〕北土金之地，	酉	西	西	形近讹	正写 「戌西北」0 「戌西」1 「西北」35;讹写「戌酉北」1		A	两见证本作「西北」	戌，酉北 → 戌，西北
44	十、恩怨	6	育慈爱之心，〔邀己酉合成金〕，归之库内，	邀己酉合成金	同本站	同本站	见证本亦同	正写 「邀巳酉」0 「邀巳」0 「巳酉」11;讹写「邀己酉」1	白话	B	巳酉丑合金局	邀己酉合成金 → 邀巳酉合成金
44	十、恩怨	8	，求合不得，〔年谓怨起恩中也〕。兼之运走东	年谓怨起恩中也	同本站	同本站	见证本亦同	正写 「得所谓」0 「得所」14 「所谓」95;讹写「得年谓」1	白话	B	年/所;「所谓」	年谓怨起恩中也 → 所谓怨起恩中也
45	十一、闲神	0	着，要紧之场〔作自豪〕。	作自豪	同本站	同本站	见证本亦同	正写 「自家」4 「自家」4 「家」143;讹写「自豪」1	注疏	B	豪/家形近;任氏本章所引作「自家」	作自豪 → 作自家
45	十一、闲神	2	是以用神必得〔喜谉之佐〕，闲神之助，	喜谉之佐	同本站	同本站	见证本亦同	正写 「喜神之」4 「喜神」114 「神之」24;讹写「喜谉之」1	白话+注疏	B	与「闲神之助」对	喜谉之佐 → 喜神之佐
45	十一、闲神	4	，火旺之地，〔仕〕至尚书。	仕	仁	仁	本站已改			-		
45	十一、闲神	6	〔甲木生于促春〕，支逢禄刃，	甲木生于促春	同本站	同本站	见证本亦同	正写 「于仲春」19 「于仲」42 「仲春」20;讹写「于促春」1	白话+注疏	B	促/仲形近;「仲春」20 见	甲木生于促春 → 甲木生于仲春
45	十一、闲神	6	以早登之路，〔仕〕至观察；惜无	仕	仁	仁	本站已改			-		
45	十一、闲神	7	要向天涯游，〔何事裙钗瓷意留〕。	何事裙钗瓷意留	同本站	同本站	见证本亦同	正写 「钗恣意」0 「钗恣」0 「恣意」1;讹写「钗瓷意」1	白话+注疏	B	瓷/恣形近	何事裙钗瓷意留 → 何事裙钗恣意留
45	十一、闲神	8	而反无情，如〔禄钗〕这留不去也。	禄钗	同本站	同本站	见证本亦同	正写 「钗之留」0 「钗之」1 「之留」0;讹写「钗这留」1	注疏+扫描	B	「这」→「之」(文言无「这」);「禄钗」存疑不改	如禄钗这留不去也 → 如禄钗之留不去也
45	十一、闲神	13	成诵，后因恋〔洒色〕，废学亡资，	洒色	同本站	同本站	见证本亦同	正写 「恋酒色」0 「恋酒」0 「酒色」1;讹写「恋洒色」1	注疏	B	洒/酒形近;本书「猩嗜洒」两见证本作「酒」	恋洒色 → 恋酒色
45	十一、闲神	16	，日主能冲克〔他审〕而去之，则喜	他审	同本站	同本站	见证本亦同	正写 「他神而」2 「他神」6 「神而」31;讹写「他审而」1	注疏	B	审/神	克他审 → 克他神
46	十二、从象	0	〔孤立〕无气唯有从，	孤立			本站多出(后人补纲领)	正写 「无」989 「」0 「无」989;讹写「孤立无」4		C	本站自注「原文缺，此后人按原注意补」;两见证本无;辑要本章纲领作「从得真者只论从，从神又有吉和凶」	
47	十三、化象	1	季，单遇一位〔已土〕，在月时上合	已土	同本站	同本站	见证本亦同	正写 「位己土」0 「位己」0 「己土」61;讹写「位已土」1	注疏+扫描	B	天干己土;甲己合	位已土 → 位己土
47	十三、化象	4	金火土并旺，〔登〕黄甲，宴琼林	登	癸	癸	本站已改			-		
49	十五、假化	2	有合神不真而〔日主夫根〕者，有化神不	日主夫根	同本站	同本站	见证本亦同	正写 「主无根」2 「主无」17 「无根」93;讹写「主夫根」1	白话+注疏	B	夫/无形近	日主夫根 → 日主无根
49	十五、假化	2	遭孤苦，早见〔蹭踫〕，否则其人执	蹭踫	同本站	同本站	见证本亦同	正写 「蹭蹬否」0 「蹭蹬」18 「蹬否」0;讹写「蹭踫否」1	注疏	B	踫/蹬	见蹭踫 → 见蹭蹬
49	十五、假化	8	甲连登；辛巳〔任午〕，南方火地，	任午	同本站	同本站	见证本亦同	正写 「巳壬午」1 「巳壬」2 「壬午」14;讹写「巳任午」1	白话+注疏	B	任/壬;大运辛巳 壬午	巳任午 → 巳壬午
49	十五、假化	8	，生助化神，〔仕〕至黄堂。	仕	仁	仁	本站已改			-		
50	十六、顺局	1	，成气象，如〔戊已日〕遇申酉戌成西	戊已日	同本站	同本站	见证本亦同	正写 「戊己日」1 「戊己」15 「己日」2;讹写「戊已日」1	白话+扫描	B	「已」非天干	戊已日 → 戊己日
50	十六、顺局	2	，儿又生孙，〔可享儿孙这荣〕矣。故为顺局	可享儿孙这荣	同本站	同本站	见证本亦同	正写 「孙之荣」0 「孙之」4 「之荣」4;讹写「孙这荣」1	白话+扫描	B	文言无「这」	可享儿孙这荣 → 可享儿孙之荣
50	十六、顺局	2	忘生育之意，〔起争战这风〕，不伤人丁，	起争战这风	同本站	同本站	见证本亦同	正写 「战之风」1 「战之」3 「之风」19;讹写「战这风」1	扫描	B	文言无「这」	起争战这风 → 起争战之风
50	十六、顺局	4	喜丁火合壬化〔术〕，反生丙火，	术	同本站	木	形近讹	正写 「化木反」1 「化木」24 「木反」6;讹写「化术反」1	注疏	A	古诗文本作「化木」;丁壬化木	壬化术， → 壬化木，
50	十六、顺局	12	。联登甲第，〔仕至待郎〕。	仕至待郎	同本站	同本站	见证本亦同	正写 「至侍郎」6 「至侍」6 「侍郎」8;讹写「至待郎」1	白话+注疏	B	待/侍;同书「仕至侍郎」	仕至待郎 → 仕至侍郎
50	十六、顺局	16	其支会财局，〔生肓有情〕，与前大同小	生肓有情	同本站	同本站	见证本亦同	正写 「生育有」0 「生育」9 「育有」0;讹写「生肓有」1	白话+注疏	B	肓/育形近	生肓有情 → 生育有情
50	十六、顺局	20	年入泮，甲寅〔拨贡〕出仕县宰，乙	拨贡	同本站	同本站	见证本亦同	正写 「寅拔贡」0 「寅拔」0 「拔贡」1;讹写「寅拨贡」1	注疏	B	拨/拔形近	寅拨贡 → 寅拔贡
51	十七、反局	10	〔已土〕生于孟夏，局	已土	同本站	同本站	见证本亦同	正写 「己土」61 「己」202 「己土」61;讹写「已土」5	扫描	B	天干己土	已土生 → 己土生
51	十七、反局	10	其不能显秩，〔仁路蹭蹬〕者，局中无水	仁路蹭蹬	同本站	同本站	见证本亦同	正写 「秩仕路」0 「秩仕」0 「仕路」28;讹写「秩仁路」1	白话+扫描	B	仕路 28 见	仁路蹭蹬 → 仕路蹭蹬
51	十七、反局	12	候而论也。如〔土生冬令〕，寒而且凋，	土生冬令	同本站	同本站	见证本亦同		注疏	C		
51	十七、反局	14	，木嫩金坚，〔金赖丙火〕逢生临旺；尤	金赖丙火	同本站	同本站	见证本亦同	正写 「坚全赖」0 「坚全」0 「全赖」13;讹写「坚金赖」1	注疏	B	金/全形近	金赖丙火 → 全赖丙火
51	十七、反局	21	之慈母，反使〔火炽百焚灭〕，是谓灭子。	火炽百焚灭	同本站	同本站	见证本亦同	正写 「炽而焚」0 「炽而」0 「而焚」1;讹写「炽百焚」1	注疏	B	百/而;本书「百此时」两见证本作「而此时」	火炽百焚灭 → 火炽而焚灭
51	十七、反局	22	之理，与君赖〔卧〕生之意相似也	卧	同本站	臣	形近讹	正写 「赖臣生」6 「赖臣」6 「臣生」6;讹写「赖卧生」1	白话+注疏	A	古诗文本作「君赖臣生」;本章纲领	赖卧生 → 赖臣生
51	十七、反局	22	之意相似也，〔细究这〕，均是印旺，	细究这	同本站	同本站	见证本亦同	正写 「究之均」0 「究之」23 「之均」0;讹写「究这均」1	扫描	B	文言无「这」	细究这 → 细究之
51	十七、反局	22	印也。母慈灭〔了〕。纵有财星无	了	同本站	子	形近讹	正写 「灭子纵」0 「灭子」5 「子纵」0;讹写「灭了纵」1		A	古诗文本作「母慈灭子」;本章纲领	慈灭了。 → 慈灭子。
51	十七、反局	24	辛亥、庚戌、〔巳酉〕、戊申，土生	巳酉	同本站	同本站	见证本亦同	正写 「戌己酉」1 「戌己」3 「己酉」14;讹写「戌巳酉」1	注疏	B	大运 辛亥 庚戌 己酉 戊申 顺次	戌、巳酉、 → 戌、己酉、
51	十七、反局	24	，颠沛异常，〔夫存生之地〕，是以六旬以	夫存生之地	同本站	同本站	见证本亦同	正写 「常无存」0 「常无」1 「无存」5;讹写「常夫存」1	注疏	B	夫/无形近	夫存生之地 → 无存生之地
51	十七、反局	24	运助起日元，〔顺母这性〕，得际遇，娶	顺母这性	同本站	同本站	见证本亦同	正写 「母之性」7 「母之」15 「之性」51;讹写「母这性」1	扫描	B	文言无「这」	顺母这性 → 顺母之性
51	十七、反局	26	，元神泄尽，〔土重金坦〕，母多灭子。	土重金坦	同本站	同本站	见证本亦同	正写 「金埋母」0 「金埋」3 「埋母」0;讹写「金坦母」1	白话+注疏	B	坦/埋形近	土重金坦 → 土重金埋
51	十七、反局	31	，土是妻也。〔木虽蛙〕，土能生金而	木虽蛙	同本站	同本站	见证本亦同	正写 「虽旺土」0 「虽旺」15 「旺土」11;讹写「虽蛙土」1	白话+注疏	B	蛙/旺	木虽蛙 → 木虽旺
51	十七、反局	31	烈火而生土，〔之逢寒金〕而生水。水生	之逢寒金	同本站	同本站	见证本亦同	正写 「土火逢」0 「土火」3 「火逢」12;讹写「土之逢」1	注疏	C		
51	十七、反局	31	，解天之冻。〔火楚木而水竭〕，土渗水而木	火楚木而水竭	同本站	同本站	见证本亦同	正写 「火焚木」1 「火焚」2 「焚木」7;讹写「火楚木」1	注疏	B	楚/焚形近	火楚木而水竭 → 火焚木而水竭
51	十七、反局	32	金克木，是谓〔夫健而所妻〕也。岁运逢金	夫健而所妻	同本站	同本站	见证本亦同	正写 「而怕妻」2 「而怕」2 「怕妻」10;讹写「而所妻」1	注疏	B	所/怕;本章纲领「夫健何为又怕妻」	夫健而所妻 → 夫健而怕妻
51	十七、反局	38	；一交子运，〔两巳爱制〕，不禄	两巳爱制	同本站	同本站	见证本亦同	正写 「巳受制」0 「巳受」0 「受制」6;讹写「巳爱制」1	注疏	B	爱/受形近(愛/受)	两巳爱制 → 两巳受制
51	十七、反局	43	健怕妻之命，〔颇多贵显著〕，少究其理，	颇多贵显著	同本站	同本站	见证本亦同	正写 「显者少」0 「显者」1 「者少」6;讹写「显著少」1	注疏	B	著/者	颇多贵显著 → 颇多贵显者
53	十九、合局	1	合之则闭，画〔其生避这合〕，不喜甲木，	其生避这合	同本站	同本站	见证本亦同	正写 「避之合」0 「避之」1 「之合」18;讹写「避这合」1	扫描	B	文言无「这」	其生避这合 → 其生避之合
53	十九、合局	2	。何也？冲得〔合而静这则〕易，合得冲而	合而静这则	同本站	同本站	见证本亦同	正写 「静之则」0 「静之」1 「之则」44;讹写「静这则」1	扫描	B	文言无「这」	合而静这则 → 合而静之则
53	十九、合局	2	则易，合得冲〔而表明这则〕难，通行证喜	而表明这则	同本站	同本站	见证本亦同	正写 「明之则」0 「明之」6 「之则」44;讹写「明这则」1	扫描	B	文言无「这」(「表明」亦疑讹,不改)	而表明这则 → 而表明之则
53	十九、合局	2	表明这则难，〔通行证〕喜神有能合而	通行证	同本站		衍文	正写 「难喜」0 「难」99 「喜」610;讹写「难通行证喜」1		A	古诗文本无「通行证」;现代词,输入法衍	通行证 → 
53	十九、合局	2	癸为凶神戊为〔头〕神，尰癸合而	头	同本站	喜	形近讹	正写 「为喜神」19 「为喜」34 「喜神」114;讹写「为头神」2		A	古诗文本作「喜神」;「癸为凶神，戊为喜神」对举	戊为头神 → 戊为喜神
53	十九、合局	2	神戊为头神，〔尰〕癸合而化火为	尰	同本站	戊	形近讹	正写 「神戊癸」1 「神戊」2 「戊癸」10;讹写「神尰癸」1		A	古诗文本作「戊癸合」	神，尰癸 → 神，戊癸
53	十九、合局	2	去之，喜神合〔而化来这〕。若忌神合而	而化来这	同本站	同本站	见证本亦同	正写 「来之若」0 「来之」5 「之若」4;讹写「来这若」1	扫描	B	与上「忌神合而化未能去之」对举	而化来这 → 而化来之
53	十九、合局	6	县。甲子水木〔齐业，仁路〕一安，乙地驼	齐业，仁路	同本站	同本站	见证本亦同	正写 「业仕路」0 「业仕」0 「仕路」28;讹写「业仁路」1	扫描	B	仕路 28 见	齐业，仁路 → 齐业，仕路
53	十九、合局	12	〔此与前造只换一亥字，则土无水润，不能养木〕，甲已之合为	此与前造只换一亥字，则土无水润，不能养木	同本站		错简	正写 「甲」492 「」0 「甲」492;讹写「此与前造只换一亥字则土无水润不能养木甲」1	扫描	C	本站与劝学网本此两句错置;古诗文本移至后一命例之后;白话已标	
54	二十、君象	1	：日主为君，〔防神〕为臣。如甲乙	防神	同本站	同本站	见证本亦同		注疏	C		
54	二十、君象	2	损上以益下，〔则上不搞君〕，下得安臣矣	则上不搞君	同本站	同本站	见证本亦同	正写 「不抗君」0 「不抗」2 「抗君」2;讹写「不搞君」1	白话	B	搞/抗(「搞」为后起字)	则上不搞君 → 则上不抗君
54	二十、君象	4	科甲连登 ；〔庚是辛未〕，火得地，金	庚是辛未	同本站	同本站	见证本亦同	正写 「庚午辛」3 「庚午」9 「午辛」3;讹写「庚是辛」1	白话	B	大运庚午 辛未	庚是辛未 → 庚午辛未
54	二十、君象	4	未足以益臣，〔仕〕至藩臬；壬申	仕	仁	仁	本站已改			-		
54	二十、君象	4	，仕至藩臬；〔壬申间寅克丙〕，逆君之性，	壬申间寅克丙	同本站	同本站	见证本亦同	正写 「申冲寅」3 「申冲」11 「冲寅」10;讹写「申间寅」1	白话	B	申冲寅	壬申间寅克丙 → 壬申冲寅克丙
54	二十、君象	6	，君盛臣衰，〔所嬚者〕，局中无火以	所嬚者	同本站	同本站	见证本亦同	正写 「所嫌者」19 「所嫌」26 「嫌者」21;讹写「所嬚者」1	白话	B	嬚/嫌形近	所嬚者 → 所嫌者
54	二十、君象	6	而下难全矣。〔初运北主水旺〕。助君之势，	初运北主水旺	同本站	同本站	见证本亦同	正写 「北方水」15 「北方」45 「方水」18;讹写「北主水」2	白话	B	主/方;本书「北主」两见证本作「北方」	初运北主水旺 → 初运北方水旺
55	二十一、臣象	1	当存君之子，〔少用不气〕，一路行火地	少用不气	同本站	同本站	见证本亦同	正写 「用水气」0 「用水」4 「水气」11;讹写「用不气」1	白话+注疏	B	不/水形近	少用不气 → 少用水气
55	二十一、臣象	2	，君心安矣。〔若不木并旺〕，不见火土，	若不木并旺	同本站	同本站	见证本亦同	正写 「若水木」0 「若水」0 「水木」49;讹写「若不木」1	白话+注疏	B	不/水;下云「一路行水木」	若不木并旺 → 若水木并旺
55	二十一、臣象	2	，不见火土，〔当存君这子〕，一路行水木	当存君这子	同本站	同本站	见证本亦同	正写 「君之子」3 「君之」7 「之子」7;讹写「君这子」1	白话+注疏+扫描	B	原注「当存君之子」	当存君这子 → 当存君之子
55	二十一、臣象	8	甲木为念，故〔运走西主金地〕，功名显赫，	运走西主金地	同本站	同本站	见证本亦同	正写 「西方金」8 「西方」29 「方金」11;讹写「西主金」1	注疏	B	主/方	运走西主金地 → 运走西方金地
56	二十二、母象	2	其余皆木，是〔母多了病〕。一不可见水	母多了病	同本站	同本站	见证本亦同	正写 「多子病」2 「多子」9 「子病」2;讹写「多了病」1	注疏	B	了/子;本章纲领「母多子病」	母多了病 → 母多子病
56	二十二、母象	4	，身入凤池，〔仕〕至侍郎 。一	仕	仁	仁	本站已改			-		
56	二十二、母象	6	爱恤孤之心，〔反有灭了之〕意。初运乙卯	反有灭了之	同本站	同本站	见证本亦同	正写 「灭子之」1 「灭子」5 「子之」21;讹写「灭了之」1	扫描	B	了/子;本章「母慈灭子」	反有灭了之 → 反有灭子之
57	二十三、子象	0	知孝〔了奏〕亲之方，始克	了奏	子奉	子奉	形近讹	正写 「孝子奉亲」0 「孝子奉」0 「子奉亲」0;讹写「孝了奏亲」1	白话+注疏	A	两见证本与辑要(独立本)皆作「知孝子奉亲之方」	孝了奏 → 孝子奉
57	二十三、子象	1	：日主为子，〔生日得为母〕。如甲乙满局	生日得为母	同本站	同本站	见证本亦同	正写 「日者为」0 「日者」0 「者为」26;讹写「日得为」1	注疏	B	得/者	生日得为母 → 生日者为母
57	二十三、子象	1	一二水气，为〔了〕众母衰。其势	了	同本站	子	形近讹	正写 「为子众」0 「为子」22 「子众」1;讹写「为了众」1	白话+注疏	A	古诗文本作「子众母衰」	为了众 → 为子众
57	二十三、子象	2	任氏曰：〔了〕众母衰，母之	了	子	子	形近讹	正写 「曰子众」0 「曰子」3 「子众」1;讹写「曰了众」1	白话	A	两见证本作「子众母衰」	曰：了众 → 曰：子众
57	二十三、子象	2	谓子众母孤，〔母这情〕依乎子，必要	母这情	同本站	同本站	见证本亦同	正写 「母之情」1 「母之」15 「之情」45;讹写「母这情」1	注疏+扫描	B	文言无「这」	母这情 → 母之情
57	二十三、子象	4	满局皆木，则〔年士癸水〕无势，子旺母	年士癸水	同本站	同本站	见证本亦同	正写 「年干癸」5 「年干」38 「干癸」11;讹写「年士癸」1	白话+注疏	B	士/干形近	年士癸水 → 年干癸水
58	二十四、性情	2	为义；北方属〔火〕，于时为冬，	火	同本站	水	形近讹	正写 「属水于」0 「属水」3 「水于」1;讹写「属火于」2	注疏	A	古诗文本作「北方属水」;于人为智	北方属火，于 → 北方属水，于
58	二十四、性情	16	奔而性柔者，〔当火土〕之神。	当火土	同本站	全金木	形近讹	正写 「者全金木之」0 「者全金木」0 「全金木之」0;讹写「者当火土之」1	注疏	A	古诗文本作「全金木」;注疏谓通行本同,合原注用金木之说	当火土 → 全金木
58	二十四、性情	20	从其旺神，荫〔庇〕大好；壬戌水	庇	疪	疪	本站已改			-		
58	二十四、性情	20	耗；辛酉庚申〔入泮补禀〕，又得四子，	入泮补禀	同本站	同本站	见证本亦同	正写 「补廪又」0 「补廪」8 「廪又」0;讹写「补禀又」1	注疏	B	禀/廪形近	入泮补禀 → 入泮补廪
58	二十四、性情	24	，激水之性，〔敌其为介非倒置〕，作事不端，	敌其为介非倒置	同本站	同本站	见证本亦同		注疏	C		
58	二十四、性情	34	，见水则流通〔刚前面之性〕，能用智矣。	刚前面之性	同本站	同本站	见证本亦同		注疏	C		
58	二十四、性情	45	人强拗无礼，〔兼这运走〕南方火土，家	兼这运走	同本站	同本站	见证本亦同	正写 「兼之运」10 「兼之」34 「之运」29;讹写「兼这运」1	注疏+扫描	B	文言无「这」	兼这运走 → 兼之运走
58	二十四、性情	48	刚暴无礼。若〔无土以收这〕，仍行火木之	无土以收这	同本站	同本站	见证本亦同	正写 「收之仍」0 「收之」3 「之仍」0;讹写「收这仍」1	注疏+扫描	B	文言无「这」	无土以收这 → 无土以收之
58	二十四、性情	55	懦弱。如格局〔得顺逆这序〕，其性情本和	得顺逆这序	同本站	同本站	见证本亦同	正写 「逆之序」0 「逆之」11 「之序」4;讹写「逆这序」1	扫描	B	文言无「这」	得顺逆这序 → 得顺逆之序
58	二十四、性情	76	〔阳浊〕藏火，包而多	阳浊	同本站	同本站	见证本亦同	正写 「阴浊」10 「阴」204 「阴浊」10;讹写「阳浊」1	注疏	B	原注「酉丑亥为阴浊」,任氏亦言阴晦	阳浊藏 → 阴浊藏
58	二十四、性情	82	，喜其运走南〔方阳明这地〕，又逢丙午丁	方阳明这地	同本站	同本站	见证本亦同	正写 「明之地」1 「明之」6 「之地」94;讹写「明这地」1	扫描	B	文言无「这」	方阳明这地 → 方阳明之地
58	二十四、性情	82	，科甲连登，〔仕〕至观察	仕	仁	仁	本站已改			-		
58	二十四、性情	85	性不常；时支〔柘〕者，虎头蛇尾	柘	同本站	同本站	见证本亦同	正写 「支枯者」0 「支枯」0 「枯者」6;讹写「支柘者」2	注疏+扫描	B	「时支枯者」;柘不成义,同书「枯」76 见	；时支柘者，虎 → ；时支枯者，虎
58	二十四、性情	87	多迁变之心；〔时支柘者〕，狐疑少决，	时支柘者	同本站	同本站	见证本亦同	正写 「支枯者」0 「支枯」0 「枯者」6;讹写「支柘者」2	扫描	B	同上	时支柘者 → 时支枯者
58	二十四、性情	87	无金，冬火无〔木，清柘之〕象，名利皆虚	木，清柘之	同本站	同本站	见证本亦同	正写 「清枯之」2 「清枯」6 「枯之」11;讹写「清柘之」1	扫描	B	同上	木，清柘之 → 木，清枯之
58	二十四、性情	89	登 ，掌兵刑〔重伤〕，执生杀大权	重伤	同本站	同本站	见证本亦同		注疏	C		
58	二十四、性情	93	；兼之运走西〔北金水这地〕，则羊刃更受	北金水这地	同本站	同本站	见证本亦同	正写 「水之地」6 「水之」68 「之地」94;讹写「水这地」1	扫描	B	文言无「这」	北金水这地 → 北金水之地
58	二十四、性情	101	因地支皆火，〔无干金水〕，木无托根之	无干金水	同本站	同本站	见证本亦同		注疏	C		
58	二十四、性情	101	无托根之地，〔神有余而足〕之故也。	神有余而足	同本站	同本站	见证本亦同		注疏	C		
58	二十四、性情	105	，金寒不冷，〔遇于泄扫〕，全赖酉时扶	遇于泄扫	同本站	同本站	见证本亦同		注疏	C		
58	二十四、性情	105	赖酉时扶身，〔己酉拱〕而佐这。天干	己酉拱	同本站	同本站	见证本亦同	正写 「佐之而」0 「佐之」1 「之而」7;讹写「佐这而」0	注疏+扫描	B	「这」→「之」;「己酉拱」注疏疑作「巳酉」,存疑不改	而佐这 → 而佐之
58	二十四、性情	105	至土金之地，〔仁路显赫〕，一交丁未败	仁路显赫	同本站	同本站	见证本亦同	正写 「地仕路」0 「地仕」3 「仕路」28;讹写「地仁路」1	注疏+扫描	B	仕路 28 见	仁路显赫 → 仕路显赫
59	二十五、疾病	2	、金、水也；〔在人为五脏，肚、心、脾、肺、肾也〕。人为万物之	在人为五脏，肚、心、脾、肺、肾也	同本站	同本站	见证本亦同	正写 「脏肝心」0 「脏肝」0 「肝心」0;讹写「脏肚心」1	白话+注疏	B	肚/肝形近;五脏定名	在人为五脏，肚、心、脾、肺、肾也 → 在人为五脏，肝、心、脾、肺、肾也
59	二十五、疾病	2	，表于头面，〔象天之五敢〕，裹于脏腑，	象天之五敢	同本站	同本站	见证本亦同	正写 「五气裹」0 「五气」7 「气裹」0;讹写「五敢裹」1	白话	C		
59	二十五、疾病	2	，多食伤血，〔比五味之相克也〕。故曰“五行	比五味之相克也	同本站	同本站	见证本亦同	正写 「血此五」0 「血此」0 「此五」6;讹写「血比五」1	白话	B	比/此形近	比五味之相克也 → 此五味之相克也
59	二十五、疾病	2	旺神不能损，〔弱神反家伤矣〕。是以旺神太	弱神反家伤矣	同本站	同本站	见证本亦同	正写 「反先伤」0 「反先」0 「先伤」0;讹写「反家伤」1	白话	C		
59	二十五、疾病	2	字须得一神有〔田〕力，制化合宜	田			衍文	正写 「有力」10 「有」1016 「力」60;讹写「有田力」1		A	两见证本作「有力」	有田力 → 有力
59	二十五、疾病	15	犯遗泄，又有〔痰漱〕。至戌运全会	痰漱	同本站	同本站	见证本亦同	正写 「痰嗽至」0 「痰嗽」0 「嗽至」0;讹写「痰漱至」1	注疏	B	漱/嗽形近	有痰漱 → 有痰嗽
59	二十五、疾病	20	虚湿之土，再〔逢虚湿这时〕，虚燥之土，	逢虚湿这时	同本站	同本站	见证本亦同	正写 「湿之时」0 「湿之」20 「之时」5;讹写「湿这时」1	扫描	B	文言无「这」	逢虚湿这时 → 逢虚湿之时
59	二十五、疾病	22	，用神在木。〔木本凋柘〕，虽处两阳，	木本凋柘	同本站	同本站	见证本亦同	正写 「凋枯虽」0 「凋枯」7 「枯虽」0;讹写「凋柘虽」1	白话+扫描	B	柘/枯	木本凋柘 → 木本凋枯
59	二十五、疾病	27	比忌神为轻，〔不能理没〕，游行六道，	不能理没	同本站	同本站	见证本亦同	正写 「能埋没」0 「能埋」1 「埋没」0;讹写「能理没」1	注疏	B	理/埋形近	不能理没 → 不能埋没
59	二十五、疾病	28	实。必须究其〔虚中有关〕，实处反虚之	虚中有关	同本站	同本站	见证本亦同	正写 「有实实」0 「有实」0 「实实」0;讹写「有关实」1	白话	B	与下「实处反虚」对举	虚中有关 → 虚中有实
59	二十五、疾病	48	干逢金生水，〔地支遇水克土〕，荫庇有余；	地支遇水克土	同本站	同本站	见证本亦同	正写 「遇木克」0 「遇木」2 「木克」13;讹写「遇水克」1	注疏	C		
59	二十五、疾病	48	遇水克土，荫〔庇〕有余；壬辰癸	庇	疪	疪	本站已改			-		
59	二十五、疾病	54	，肺气上逆；〔肺气逆财肝肾两亏〕，肝肾亏财血	肺气逆财肝肾两亏	同本站	同本站	见证本亦同	正写 「逆则肝肾两亏肝肾亏则血」0 「逆则肝肾两亏肝肾亏则」0 「则肝肾两亏肝肾亏则血」0;讹写「逆财肝肾两亏肝肾亏财血」0	注疏	B	财/则形近(財/則)	肺气逆财肝肾两亏，肝肾亏财血 → 肺气逆则肝肾两亏，肝肾亏则血
59	二十五、疾病	61	支两戌燥土，〔乃丙这库〕根，又得甲木	乃丙这库	同本站	同本站	见证本亦同	正写 「丙之库」0 「丙之」6 「之库」6;讹写「丙这库」1	扫描	B	文言无「这」	乃丙这库 → 乃丙之库
59	二十五、疾病	61	己卯，而患 〔谈火〕之症；庚辰经	谈火	同本站	同本站	见证本亦同	正写 「患痰火」1 「患痰」2 「痰火」3;讹写「患谈火」1	注疏	B	谈/痰	 谈火之 →  痰火之
59	二十五、疾病	63	，火土印绶，〔已本湿土〕，又坐下亥水	已本湿土	同本站	同本站	见证本亦同	正写 「绶己本」0 「绶己」0 「己本」0;讹写「绶已本」1	注疏	B	天干己土	已本湿土 → 己本湿土
59	二十五、疾病	63	气愈亏，又患〔遣泄〕之症，幸善调	遣泄	同本站	同本站	见证本亦同	正写 「患遗泄」0 「患遗」0 「遗泄」2;讹写「患遣泄」1	注疏	B	遣/遗形近;同章「犯遗泄」	患遣泄 → 患遗泄
59	二十五、疾病	67	大亏，亦乙木〔凋柘〕之意也。	凋柘	同本站	同本站	见证本亦同	正写 「凋枯之」1 「凋枯」7 「枯之」11;讹写「凋柘之」1	注疏+扫描	B	柘/枯	木凋柘 → 木凋枯
59	二十五、疾病	71	局，不例题 〔金不柘伤〕，而且火能热	金不柘伤	同本站	同本站	见证本亦同	正写 「不枯伤」0 「不枯」6 「枯伤」1;讹写「不柘伤」1	扫描	B	柘/枯	金不柘伤 → 金不枯伤
60	二十六、出身	0	巍巍科第〔迈迈伦〕，一个玄机暗	迈迈伦	同本站	同本站	见证本亦同		注疏	C		
60	二十六、出身	2	，命格居三。〔然看命这要〕，非杀印财官	然看命这要	同本站	同本站	见证本亦同	正写 「命之要」0 「命之」12 「之要」2;讹写「命这要」1	扫描	B	文言无「这」	然看命这要 → 然看命之要
60	二十六、出身	6	三元及第。其〔仁路〕未能显秩者，	仁路	同本站	同本站	见证本亦同	正写 「其仕路」2 「其仕」2 「仕路」28;讹写「其仁路」1	注疏+扫描	B	仕路 28 见	其仁路 → 其仕路
60	二十六、出身	8	于季冬，局中〔儿子绶〕叠叠，弱中变	儿子绶	同本站	同本站	见证本亦同		注疏	C		
60	二十六、出身	10	取巳中藏戊，〔不旺克火〕，火能生土，	不旺克火	同本站	同本站	见证本亦同		注疏	C		
60	二十六、出身	12	化有情，不混〔亲神〕忌客，决发科	亲神	同本站	同本站	见证本亦同		注疏	C		
60	二十六、出身	13	，非一行成，〔两气双肖〕也。虽五尽出	两气双肖	同本站	同本站	见证本亦同		注疏	C		
60	二十六、出身	13	海空椹 者，〔横榜〕标名也。若清	横榜	同本站	同本站	见证本亦同		注疏	C		
60	二十六、出身	13	，安放得所，〔不銸喜用乾〕，虽不能发甲	不銸喜用乾	同本站	同本站	见证本亦同		注疏	C		
60	二十六、出身	15	类东方，时干〔内火〕生旺，局中不	内火	同本站	同本站	见证本亦同	正写 「干丙火」9 「干丙」15 「丙火」173;讹写「干内火」1	注疏	B	内/丙形近	干内火 → 干丙火
60	二十六、出身	25	当令，又己土〔遥列〕而虚，故降任	遥列	同本站	同本站	见证本亦同		注疏	C		
60	二十六、出身	27	运走西方，以〔酒争〕为事也。	酒争	同本站	同本站	见证本亦同		注疏	C		
60	二十六、出身	31	星生拱，始中〔张榜〕也。	张榜	同本站	同本站	见证本亦同		注疏	C		
60	二十六、出身	33	并旺临禄，又〔才星〕得地生扶，虽	才星	同本站	同本站	异体		注疏	-	才/财通写	
60	二十六、出身	33	生水量，冲尽〔香火〕，中乡榜。	香火	同本站	同本站	见证本亦同		注疏	C		
60	二十六、出身	35	，北闱奏捷。〔所发者〕，戊土元神透	所发者	同本站	同本站	见证本亦同		注疏	C		
60	二十六、出身	37	多燥土，妙在〔丛下〕亥不，年时逢	丛下	同本站	同本站	见证本亦同	正写 「在坐下」0 「在坐」0 「坐下」47;讹写「在丛下」1	注疏	B	丛/坐形近	在丛下 → 在坐下
60	二十六、出身	40	如官星太弱，〔官昨〕不能克日主。	官昨	同本站	同本站	见证本亦同		注疏	C		
60	二十六、出身	46	走土金，财得〔泮溢〕，官星有损，	泮溢	同本站	同本站	见证本亦同		注疏	C		
60	二十六、出身	52	，早游泮水，〔五运〕科甲连登 ，	五运	同本站	同本站	见证本亦同		注疏	C		
60	二十六、出身	54	出身，其老于〔九笔〕而不能出身者	九笔	同本站	同本站	见证本亦同		注疏	C		
60	二十六、出身	55	外日干有气，〔财民相通〕也。或财星得	财民相通	同本站	同本站	见证本亦同	正写 「财官相」0 「财官」0 「官相」2;讹写「财民相」0	白话+注疏	B	民/官	财民相通 → 财官相通
60	二十六、出身	55	或官伏财乡，〔丙意情通〕，或官衰逢财	丙意情通	同本站	同本站	见证本亦同	正写 「乡两意」0 「乡两」0 「两意」4;讹写「乡丙意」1	注疏	B	丙/两;本书「财禄丙相宜」两见证本作「两」	丙意情通 → 两意情通
60	二十六、出身	59	卯日元，生于〔季为秋〕，丙丁并透通	季为秋	同本站	同本站	见证本亦同		注疏	C		
61	二十七、地位	2	任氏曰：〔台阁宰匍〕以及封疆之任	台阁宰匍	同本站	同本站	见证本亦同	正写 「宰辅以」0 「宰辅」0 「辅以」0;讹写「宰匍以」1	白话	B	匍/辅	台阁宰匍 → 台阁宰辅
61	二十七、地位	4	中堂造，天然〔然〕清气在庚金也	然			衍文	正写 「然清」6 「然」202 「清」214;讹写「然然清」1		A	两见证本无叠「然」	然然清 → 然清
61	二十七、地位	26	虽旺，妙在支〔全〕金局，财官印	全	会	会	形近讹	正写 「支会金」1 「支会」22 「会金」12;讹写「支全金」4		C	见证本作「支会金局」,本站亦通	
61	二十七、地位	26	运走北方。异〔睡〕出身，仕至郡	睡	路	路	形近讹	正写 「异路出」8 「异路」15 「路出」8;讹写「异睡出」1	白话+注疏	A	两见证本作「异路出身」	异睡出 → 异路出
61	二十七、地位	35	，也从清浊分〔形离〕。	形离	同本站	同本站	见证本亦同		注疏	C		
61	二十七、地位	36	。所以杂职或〔佐二〕首领等官，岂	佐二	同本站	同本站	见证本亦同		注疏	C	「佐贰」别写,不改	
61	二十七、地位	47	午时，天干三〔戌〕，旺可知矣。	戌	戊	戊	形近讹	正写 「三戊旺」0 「三戊」1 「戊旺」0;讹写「三戌旺」1	白话	A	两见证本作「三戊」;天干	干三戌， → 干三戊，
61	二十七、地位	47	知矣。甲木退〔氯〕临绝，不但无	氯	气	气	形近讹	正写 「退气临」0 「退气」8 「气临」0;讹写「退氯临」1	注疏	A	两见证本作「退气」	退氯临 → 退气临
61	二十七、地位	47	虽捐纳佐二，〔仁途顺遂〕。	仁途顺遂	同本站	同本站	见证本亦同	正写 「二仕途」0 「二仕」0 「仕途」8;讹写「二仁途」1	白话+扫描	B	仕途 8 见	仁途顺遂 → 仕途顺遂
61	二十七、地位	49	次加捐，耗财〔不参得缺〕。虽时支砘，	不参得缺	同本站	同本站	见证本亦同	正写 「不曾得」0 「不曾」0 「曾得」0;讹写「不参得」1	白话	B	参/曾形近(參/曾)	不参得缺 → 不曾得缺
61	二十七、地位	49	得缺。虽时支〔砘〕，厎定汪洋，	砘	戌	戌	形近讹	正写 「支戌厎」0 「支戌」0 「戌厎」0;讹写「支砘厎」1		B	两见证本作「时支戌」	时支砘， → 时支戌，
62	二十八、岁运	1	轻重，看喜行〔行〕何运，忌行何	行			衍文	正写 「行何」2 「行」342 「何」108;讹写「行行何」1		A	两见证本无叠「行」	行行何 → 行何
62	二十八、岁运	1	之于秋，新伐〔其生生这机〕，又看喜与不	其生生这机	同本站	同本站	见证本亦同	正写 「生之机」3 「生之」59 「之机」33;讹写「生这机」1	扫描	B	文言无「这」	其生生这机 → 其生生之机
62	二十八、岁运	2	实系乎运途，〔所命好不好运也〕。日主如我之	所命好不好运也	同本站	同本站	见证本亦同	正写 「所谓命好不如运好日」0 「所谓命好不如运好」1 「谓命好不如运好日」0;讹写「所命好不好运也日」1	白话	C		
62	二十八、岁运	4	运而遇戊寅、〔乙卯〕、戊子、己酉	乙卯	同本站	同本站	见证本亦同		注疏	C		
62	二十八、岁运	5	如原局地支有〔早点酉之冲〕，不但无吉，	早点酉之冲	同本站	同本站	见证本亦同	正写 「有卯酉」0 「有卯」0 「卯酉」20;讹写「有早点酉」1	白话+注疏	B	「早点」为「卯」字拆讹	早点酉之冲 → 卯酉之冲
62	二十八、岁运	6	如原局天干透〔壬登〕，或太岁干头	壬登	同本站	同本站	见证本亦同	正写 「壬癸或」0 「壬癸」43 「癸或」1;讹写「壬登或」1	注疏	B	登/癸形近,同「癸黄甲→登黄甲」	透壬登 → 透壬癸
62	二十八、岁运	6	或太岁干头逢〔壬登〕，能泄金生木	壬登	同本站	同本站	见证本亦同	正写 「壬癸能」0 「壬癸」43 「癸能」0;讹写「壬登能」1	注疏	B	同上	逢壬登 → 逢壬癸
62	二十八、岁运	7	亦同此论，故〔太峧宜和〕，不可与大运	太峧宜和	同本站	同本站	见证本亦同	正写 「太岁宜」0 「太岁」7 「岁宜」0;讹写「太峧宜」1	白话+注疏	B	峧/岁	太峧宜和 → 太岁宜和
62	二十八、岁运	9	庚辰日〔元〕，生于亥天干	元	地	地	本站已改			-		
62	二十八、岁运	9	丙午年，捷。〔搒下知县〕，寅运官资颇	搒下知县	同本站	同本站	见证本亦同	正写 「捷榜下」0 「捷榜」0 「榜下」0;讹写「捷搒下」1	白话+注疏	B	搒/榜形近	搒下知县 → 榜下知县
62	二十八、岁运	11	庚辰日〔元〕，生于子月，	元	无	无	本站已改			-		
62	二十八、岁运	13	，生于卯月，〔木焱工旺〕，土金皆伤，	木焱工旺	同本站	同本站	见证本亦同	正写 「木火并旺」11 「木火并」12 「火并旺」11;讹写「木焱工旺」1	白话	C		
62	二十八、岁运	13	，水亦休囚。〔细〕运丙辰丁巳，	细			衍文	正写 「囚运」0 「囚」48 「运」1021;讹写「囚细运」1		A	两见证本无「细」	囚。细运 → 囚。运
62	二十八、岁运	13	，不能生金泄〔炎〕，经营亏空万	炎	火	火	形近讹	正写 「泄火经」0 「泄火」29 「火经」0;讹写「泄炎经」1		A	两见证本作「泄火」	金泄炎， → 金泄火，
62	二十八、岁运	13	；交庚申辛酉〔二十上〕，竟获居奇之	二十上	运	运	形近讹	正写 「酉运竟」0 「酉运」24 「运竟」0;讹写「酉二十上竟」1		A	两见证本作「庚申辛酉运」	二十上 → 运
62	二十八、岁运	17	，要丙降，得〔戊得〕丙者吉；日主	戊得			衍文	正写 「得丙」9 「得」666 「丙」465;讹写「得戊得丙」1		C	见证本作「要丙降，得丙者吉」亦不甚通;本站「得戊得丙」当有讹脱,无从定	
62	二十八、岁运	17	不降运，得戊〔巳〕以和为妙。如	巳	己	己	形近讹	正写 「戊己以」1 「戊己」15 「己以」2;讹写「戊巳以」1	注疏	A	两见证本作「戊己」	戊巳以 → 戊己以
62	二十八、岁运	17	力量大，则岁〔〕亦不得不降，	∅	运	运	脱文	正写 「岁运亦」3 「岁运」73 「运亦」11;讹写「岁亦」2		B	两见证本作「岁运」	则岁亦 → 则岁运亦
62	二十八、岁运	17	丙年，谓之岁〔代〕运，日主喜庚	代	伐	伐	形近讹	正写 「岁伐运」0 「岁伐」0 「伐运」0;讹写「岁代运」1	白话+注疏	A	两见证本作「岁伐运」	岁代运 → 岁伐运
62	二十八、岁运	17	，又不可用戊〔巳〕泄丙助庚。若	巳	己	己	形近讹	正写 「戊己泄」1 「戊己」15 「己泄」1;讹写「戊巳泄」1	注疏	A	两见证本作「戊己」	戊巳泄 → 戊己泄
62	二十八、岁运	17	不可用戊巳泄〔丙〕助庚。若庚坐	丙			见证本脱			-	见证本作「泄助庚」;本站「不可用戊己泄丙助庚」(日主喜丙)文义完足,不改	
62	二十八、岁运	18	也。如丙运庚〔处〕，谓之运克岁	处	年	年	形近讹	正写 「庚年谓」1 「庚年」3 「年谓」7;讹写「庚处谓」1		A	两见证本作「丙运庚年」	运庚处，谓 → 运庚年，谓
62	二十八、岁运	18	丙则吉：如丙〔〕午寅，局中又	∅	坐	坐	脱文	正写 「丙坐午」0 「丙坐」2 「坐午」2;讹写「丙午」26		B	两见证本作「丙坐午寅」	如丙午寅 → 如丙坐午寅
62	二十八、岁运	18	凶，如庚运丙〔年，谓〕之岁克运，日	年，谓	午调	午调	见证本讹			-	见证本作「丙午，调之」;本站「丙年，谓之」不误	
62	二十八、岁运	18	辰；又局中逢〔不〕土制化者吉，	不	水	水	形近讹	正写 「逢水土」0 「逢水」10 「水土」6;讹写「逢不土」1		A	两见证本作「逢水土制化」	逢不土 → 逢水土
62	二十八、岁运	20	通根，初交癸〔己〕壬辰，金逢生	己	巳	巳	形近讹	正写 「癸巳壬」1 「癸巳」18 「巳壬」2;讹写「癸己壬」1		A	两见证本作「癸巳」;大运 癸巳 壬辰	癸己壬 → 癸巳壬
62	二十八、岁运	20	逢生助，家业〔饶〕裕，其乐自如	饶	铙	铙	见证本讹			-	见证本作「铙裕」,本站「饶裕」不误	
62	二十八、岁运	20	业十败八九。〔忍受〕运丙寅年克妻	忍受	庚	庚	形近讹	正写 「九庚运」0 「九庚」0 「庚运」18;讹写「九忍受运」1		A	两见证本作「庚运」;大运庚寅;「忍受」为输入法衍	。忍受运 → 。庚运
62	二十八、岁运	20	无制化之神，〔地〕甲午月木从火	地	于	于	形近讹	正写 「神于甲」0 「神于」0 「于甲」1;讹写「神地甲」1		B	两见证本作「于甲午月」	神，地甲 → 神，于甲
62	二十八、岁运	22	泄制丙火，又〔炎〕逢生，金坐绝	炎	火	火	形近讹	正写 「又火逢」0 「又火」0 「火逢」12;讹写「又炎逢」1		A	两见证本作「又火逢生」	又炎逢 → 又火逢
62	二十八、岁运	24	子运午年，谓〔这〕运冲岁，日主	这	之	之	形近讹	正写 「谓之运」3 「谓之」34 「之运」29;讹写「谓这运」1	扫描	A	两见证本作「谓之运冲岁」	谓这运 → 谓之运
62	二十八、岁运	24	冲岁，日主喜〔了〕，则要助子，	了	子	子	形近讹	正写 「喜子则」0 「喜子」5 「子则」3;讹写「喜了则」1	注疏	A	两见证本作「日主喜子」	主喜了， → 主喜子，
62	二十八、岁运	24	午运子年，谓〔这〕岁冲运，日主	这	之	之	形近讹	正写 「谓之岁」2 「谓之」34 「之岁」2;讹写「谓这岁」2	扫描	A	两见证本作「谓之岁冲运」	，谓这岁 → ，谓之岁
62	二十八、岁运	24	午重子轻，则〔岁〕不降，亦无咎	岁			衍文	正写 「则不」32 「则」730 「不」1969;讹写「则岁不」2		C	见证本无「岁」;本站「则岁不降」亦通	
62	二十八、岁运	25	任氏曰：冲〔进〕破也。如子运	进	者	者	形近讹	正写 「冲者破」0 「冲者」7 「者破」1;讹写「冲进破」1	白话+注疏	A	两见证本作「冲者破也」	冲进破 → 冲者破
62	二十八、岁运	25	也。如子运午〔运〕，谓之运冲岁	运	年	年	形近讹	正写 「午年谓」1 「午年」7 「年谓」7;讹写「午运谓」1		A	两见证本作「子运午年」	运午运， → 运午年，
62	二十八、岁运	25	主喜子，要干〔关〕逢庚壬，之进	关	头	头	形近讹	正写 「干头逢庚壬午之」0 「干头逢庚壬午」0 「头逢庚壬午之」0;讹写「干关逢庚壬之进之」1	注疏	A	两见证本作「要干头逢庚壬，午之干头逢甲丙」	要干关逢庚壬，之进之干头 → 要干头逢庚壬，午之干头
62	二十八、岁运	25	头遇丙戊，午〔这〕干头遇庚壬，	这	之	之	形近讹	正写 「午之干」2 「午之」13 「之干」14;讹写「午这干」2	扫描	A	两见证本作「午之干头」	丙戊，午这干头遇 → 丙戊，午之干头遇
62	二十八、岁运	25	头逢甲戊，午〔这〕干头遇甲丙，	这	之	之	形近讹	正写 「午之干」2 「午之」13 「之干」14;讹写「午这干」2	扫描	A	两见证本作「午之干头」	午这干 → 午之干
62	二十八、岁运	25	，则吉；如子〔这〕干头遇庚壬，	这	之	之	形近讹	正写 「子之干」3 「子之」21 「之干」14;讹写「子这干」1	扫描	A	两见证本作「子之干头」	子这干 → 子之干
62	二十八、岁运	25	遇庚壬，午之〔头遇甲丙，则凶。如午运子年谓这岁冲运，日主喜午要午之〕干头逢丙戊，	头遇甲丙，则凶。如午运子年谓这岁冲运，日主喜午要午之			衍文(重出)	正写 「之干」14 「之」2917 「干」540;讹写「之头遇甲丙则凶如午运子年谓这岁冲运日主喜午要午之干」1	扫描	C	两见证本无此重出之 24 字(涉上文而衍)	
62	二十八、岁运	25	遇丙戊，子之〔〕头遇庚壬，九	∅	干	干	脱文	正写 「之干头」8 「之干」14 「干头」25;讹写「之头」2		B	两见证本作「子之干头」	子之头 → 子之干头
62	二十八、岁运	25	之头遇庚壬，〔九〕凶。可类推。	九	必	必	形近讹	正写 「壬必凶」0 「壬必」0 「必凶」12;讹写「壬九凶」1	注疏	B	两见证本作「必凶」	壬，九凶 → 壬，必凶
62	二十八、岁运	25	庚壬，九凶。〔〕可类推。	∅	余	余	脱文	正写 「凶余可」0 「凶余」1 「余可」8;讹写「凶可」3	注疏	B	两见证本作「余可类推」	凶。可类 → 凶。余可类
62	二十八、岁运	27	注：如乙运庚〔处〕、庚运乙则和	处	年	年	形近讹	正写 「庚年庚」0 「庚年」3 「年庚」2;讹写「庚处庚」2	注疏	A	两见证本作「乙运庚年」	运庚处、 → 运庚年、
62	二十八、岁运	27	庚处、庚运乙〔〕则和，日主喜	∅	年	年	脱文	正写 「乙年则」0 「乙年」1 「年则」1;讹写「乙则」1		A	两见证本作「庚运乙年」	运乙则 → 运乙年则
62	二十八、岁运	27	，日主喜金则〔喜〕，日主喜木则	喜	吉	吉	形近讹	正写 「则吉日」0 「则吉」22 「吉日」3;讹写「则喜日」1		A	两见证本作「喜金则吉」	金则喜， → 金则吉，
62	二十八、岁运	27	子年，日主喜〔顤早〕吉，喜水则不	顤早	土则	土则	形近讹	正写 「喜土则吉」0 「喜土则」0 「土则吉」0;讹写「喜顤早吉」1	注疏	B	两见证本作「喜土则吉」	喜顤早 → 喜土则
62	二十八、岁运	28	也。如乙运庚〔处〕，庚运乙年，	处	年	年	形近讹	正写 「庚年庚」0 「庚年」3 「年庚」2;讹写「庚处庚」2		A	两见证本作「乙运庚年」	运庚处， → 运庚年，
62	二十八、岁运	28	则吉，合而不〔化〕，反为羁绊，	化	会	会	见证本讹			-	见证本作「合而不会」;本站「合而不化」与上「合而能化」对,不误	
62	二十八、岁运	28	然，所以喜庚〔乾〕必要木金得地	乾	者	者	形近讹	正写 「庚者必」0 「庚者」1 「者必」37;讹写「庚乾必」1	注疏	A	两见证本作「喜庚者」	庚乾必 → 庚者必
62	二十八、岁运	28	木无根，则合〔要〕化为美矣。若	要			衍文	正写 「合化」19 「合」456 「化」428;讹写「合要化」1		A	两见证本无「要」	合要化 → 合化
62	二十八、岁运	28	，不化亦是克〔不〕，喜水者必不	不	水	水	形近讹	正写 「克水喜」0 「克水」10 「水喜」5;讹写「克不喜」1	注疏	B	两见证本作「克水」	是克不， → 是克水，
62	二十八、岁运	30	辛运庚年，申〔支〕酉年，酉支申	支	运	运	形近讹	正写 「申运酉」0 「申运」35 「运酉」2;讹写「申支酉」1	注疏	A	两见证本作「申运酉年」	申支酉 → 申运酉
62	二十八、岁运	30	申支酉年，酉〔支〕申年，则好。	支	运	运	形近讹	正写 「酉运申」0 「酉运」24 「运申」1;讹写「酉支申」1		A	两见证本作「酉运申年」	酉支申 → 酉运申
62	二十八、岁运	31	关切，必先要〔量〕运通根，自然	量	旺	旺	形近讹	正写 「要旺运」0 「要旺」1 「旺运」2;讹写「要量运」1		B	两见证本作「旺运通根」	要量运 → 要旺运
62	二十八、岁运	31	运无根气，其〔风〕见势衰而无依	风			衍文	正写 「其见」0 「其」832 「见」216;讹写「其风见」1		A	两见证本无「风」	其风见 → 其见
63	二十九、贞元	1	之意也。至于〔仁之寿终〕矣，而既终之	仁之寿终	同本站	同本站	见证本亦同	正写 「于人之」0 「于人」7 「人之」25;讹写「于仁之」1	注疏	B	仁/人	仁之寿终 → 人之寿终
63	二十九、贞元	2	故西北多山，〔昆仑为山之宜〕；东南多水，	昆仑为山之宜	同本站	同本站	见证本亦同	正写 「之宗东」0 「之宗」0 「宗东」0;讹写「之宜东」1	白话	B	宜/宗形近	昆仑为山之宜 → 昆仑为山之宗
63	二十九、贞元	2	夫五岳插天，〔极崇降峻险之形〕，穷其本，皆	极崇降峻险之形	同本站	同本站	见证本亦同	正写 「崇隆峻」0 「崇隆」0 「隆峻」0;讹写「崇降峻」1	白话	B	降/隆形近	极崇降峻险之形 → 极崇隆峻险之形
63	二十九、贞元	2	以贞元之道，〔循不之理〕，盛极而衰，	循不之理	同本站	同本站	见证本亦同	正写 「循环之」0 「循环」1 「环之」0;讹写「循不之」1	白话	B	「循环」成词	循不之理 → 循环之理
63	二十九、贞元	2	其家衰败者，〔身后必运必怨〕也。此论虽造	身后必运必怨	同本站	同本站	见证本亦同	正写 「后之运必凶也」0 「后之运必凶」0 「之运必凶也」0;讹写「后必运必怨也」1	白话	C		
63	二十九、贞元	2	而接于文梓，〔未有不稿者〕，决渭河之水	未有不稿者	同本站	同本站	见证本亦同	正写 「不槁者」0 「不槁」0 「槁者」0;讹写「不稿者」1	白话	B	稿/槁形近	未有不稿者 → 未有不槁者
63	二十九、贞元	2	鲜有不浊者。〔河〕也？其本源各	河	何	何	形近讹	正写 「者何也」2 「者何」5 「何也」6;讹写「者河也」1	白话	A	两见证本作「何也」	者。河也 → 者。何也
